index,x,y,Q,sensor_rms,runtime_seconds,rank,sigma_max,sigma_mid,sigma_min,jacobian_condition,information_eigenvalue_min,information_eigenvalue_mid,information_eigenvalue_max,information_condition,information_logdet,x_sensitivity_norm,y_sensitivity_norm,Q_sensitivity_norm,Q_effective_information,normalized_x_std_proxy,physical_x_std_proxy,normalized_y_std_proxy,physical_y_std_proxy,normalized_Q_std_proxy,physical_Q_std_proxy
0,0.25,0.25,1.1,0.07945176819230884,2.8630358750233427,3,14.729469744517882,10.753643898182501,1.0110884483017601,14.567933961917701,1.022299850289261,115.64085708891774,216.9572789546677,212.22469991879515,10.152244636138015,10.648069775384275,14.707485141281374,1.9821520555723422,1.0466194397479105,0.17291464912519147,0.08645732456259574,0.0780169891827593,0.03900849459137965,0.9774748713742633,0.5864849228245579
1,0.275,0.25,1.1,0.06885929192250323,2.9310088329948485,3,13.438747723573039,11.892063474139853,0.6712683292480877,20.019934112825307,0.450601169851519,141.42117367297124,180.59994037783954,400.79776188186645,9.350854141412535,12.103221282397467,13.154185477868056,1.7178923784185625,0.4577912388839237,0.19676306477153258,0.09838153238576629,0.09353143999192175,0.046765719995960874,1.4779721872770026,0.8867833123662016
2,0.3,0.25,1.1,0.056723630150822296,2.828510792052839,3,13.074690265556473,10.605922314301212,0.42997315532908625,30.408154796430413,0.18487691430365052,112.48558813699238,170.9475255402372,924.6558781236739,8.176116745791411,12.469162443300062,11.231000653770955,1.4151335163596985,0.18688494987531998,0.24176676530051738,0.12088338265025869,0.1200296058666354,0.0600148029333177,2.313198147325025,1.3879188883950149
3,0.325,0.25,1.1,0.04435691751627048,2.844876583025325,3,12.358346574157615,8.367956638947714,0.26217204573759534,47.13830774516261,0.06873418156623579,70.02269831130911,152.72873004699326,2222.020057077657,6.5999741373871625,11.77250083487324,9.11064212844564,1.1066104283660165,0.06925885836236328,0.322187238756783,0.1610936193783915,0.165044840721893,0.0825224203609465,3.799813975630987,2.2798883853785923
4,0.35,0.25,1.1,0.03286913519853277,2.829950709012337,3,10.877756113351541,6.0990726276256595,0.15375005129308073,70.74960965454375,0.023639078272624955,37.19868691705257,118.32557806155683,5005.50726627031,4.644859346515015,10.29099613529954,6.997919574219154,0.8200147760206022,0.023769407353501817,0.4570694781184852,0.2285347390592426,0.24159963848508553,0.12079981924254277,6.486207278656697,3.8917243671940183
5,0.375,0.25,1.1,0.023035753301097663,2.7891445829882286,3,8.903118331234053,4.150869483508648,0.09481244270199432,93.90242543605282,0.008989399291118956,17.229717469123354,79.26551601995583,8817.66550277346,2.507729579720304,8.378460357737692,5.096602104530356,0.5746928834473464,0.009026041668794876,0.6259844483659776,0.3129922241829888,0.36110985860541667,0.18055492930270833,10.525708366449217,6.31542501986953
6,0.4,0.25,1.1,0.015283429294735413,2.7839314590091817,3,6.770484532832667,2.7636346094829967,0.07635951659869218,88.66589044054564,0.0058307757751859465,7.637676254732235,45.83946080932637,7861.640127614843,0.7136334902595598,6.364353039827511,3.5822614317575385,0.3812889439971823,0.005848944083409698,0.6568397714074079,0.32841988570370395,0.5040247799934409,0.25201238999672043,13.07558912498706,7.845353474992235
7,0.42500000000000004,0.25,1.1,0.00976926390232804,2.7276920420117676,3,4.790654310283443,2.052494599310101,0.08109710573343297,59.07306144846123,0.0065767405583396065,4.212734080197132,22.950368720637336,3489.6265888936764,-0.4527701474794483,4.517748644944161,2.5884795093030704,0.2437222854318139,0.006594086635324578,0.52257296890347,0.261286484451735,0.6386259719524648,0.3193129859762324,12.31466708550338,7.388800251302028
8,0.45,0.25,1.1,0.006540447971305261,2.8106369580491446,3,3.2103265809142627,1.9064044782904215,0.09687730891325529,33.13806521802556,0.009385212982274292,3.634378034845774,10.30619675612466,1098.1313663941153,-1.0454365823959892,3.041329883095988,2.161862166252747,0.1631702186829576,0.009405979279476298,0.42429167354571473,0.21214583677285737,0.6537550640007154,0.3268775320003577,10.3109336246721,6.186560174803259
9,0.475,0.25,1.1,0.005532613657269752,2.749385708011687,3,2.296939643485949,1.936838253427197,0.11292271252356416,20.340811800873407,0.012751539003679514,3.7513424199389154,5.275931725817359,413.74862471855084,-1.3768342596660306,2.0848881842296523,2.1619934130234113,0.13802690340259086,0.012769463937522003,0.48812013068218196,0.24406006534109098,0.5726547607109582,0.2863273803554791,8.849396760517152,5.309638056310291
10,0.5,0.25,1.1,0.006110755216826119,2.9934572079801,3,2.3684425306175574,1.7138684142455263,0.10444609674738568,22.67621868480059,0.01090898712576425,2.9373449413484747,5.609520020838099,514.2108938408995,-1.716197072270739,1.731797468773734,2.352745286264434,0.15245030148119254,0.010950606148799738,0.7759181438427263,0.38795907192136314,0.5148357076415229,0.25741785382076143,9.556105160869826,5.733663096521895
11,0.525,0.25,1.1,0.007476312251619236,2.9874082090100273,3,2.629771402678407,1.8039827616746806,0.08718212568195768,30.164111990935744,0.0076007230384246656,3.2543538044194076,6.915697630345156,909.8736522017135,-1.7657243210594844,1.8581340124305092,2.5865423198144515,0.1865180352157637,0.007664507326903118,1.1365385060076827,0.5682692530038413,0.5050343883758465,0.25251719418792323,11.42241350627223,6.853448103763338
12,0.55,0.25,1.1,0.009317079119403805,2.928600749990437,3,2.954085164481514,2.0238812777027695,0.09865742754964824,29.942856182773504,0.00973328801071409,4.096095426235795,8.726619159009772,896.5746363822575,-1.0557913020985739,2.2173119190049926,2.803916332023036,0.23244124012137649,0.009835888994130607,1.1035977899340894,0.5517988949670447,0.46098953822082345,0.23049476911041172,10.083079482291637,6.049847689374983
13,0.575,0.25,1.1,0.011604257582967641,2.9152624580310658,3,3.354251082930024,2.2149682862690345,0.13154198185838042,25.499471997778233,0.017303292991230484,4.9060845091775835,11.251000327337238,650.2230721654762,-0.04592523522886616,2.6763160626141116,2.98796073705942,0.2895014616389223,0.017496767357421394,0.8778199036645886,0.4389099518322943,0.40149059522116093,0.20074529761058046,7.559987742097942,4.535992645258765
14,0.6000000000000001,0.25,1.1,0.014377291356342553,2.7880895000416785,3,3.8178862124274615,2.362950801114385,0.1720606046689726,22.189194439788775,0.02960485167905248,5.583536488487114,14.576255131043707,492.36034988675306,0.8793991757975359,3.1837483423329878,3.1503158029972576,0.35868273625527136,0.02992904784685977,0.6944828673840059,0.34724143369200294,0.3623362218202937,0.18116811091014684,5.780342200355639,3.468205320213383
15,0.625,0.25,1.1,0.017668135481898665,2.765297209029086,3,4.317143645731953,2.5104820597036848,0.20998666208365444,20.5591326748748,0.04409439825303488,6.302520172094056,18.637729257883777,422.67793634310465,1.6447150332938585,3.7038346399903466,3.327410971715736,0.44078227408117293,0.04455840993864536,0.5743921698974672,0.2871960849487336,0.3443255421452823,0.17216277107264116,4.737346570933414,2.8424079425600484
16,0.65,0.25,1.1,0.021471892904448422,2.8190214170026593,3,4.829435713203291,2.6946830148657828,0.23771814118047463,20.31580631255569,0.05650991464630007,7.261316550606145,23.323449307963383,412.73198612927763,2.2586812422452676,4.19965362427298,3.5661231600253562,0.5356779040406757,0.057128167318775035,0.504037828945203,0.2520189144726015,0.34357978643598647,0.17178989321799323,4.183837940865666,2.5103027645193996
17,0.675,0.25,1.1,0.02573298220624312,2.8695051670074463,3,5.340727611294894,2.915257303632433,0.256934063323098,20.786374302495105,0.06601511289571772,8.498725146382244,28.523371418047663,432.07335664342884,2.772768390542813,4.63267043373051,3.900555623548583,0.6419829883792177,0.06684409941158236,0.4647755744580514,0.2323877872290257,0.3529450949137763,0.17647254745688815,3.867839655852109,2.3207037935112655
18,0.7,0.25,1.1,0.03033943938802801,2.9172534170211293,3,5.842357952587651,3.131239735332516,0.2787870961427894,20.95634279140132,0.0777222449757289,9.804662280125246,34.13314644616417,439.168303190718,3.2585131946702965,4.9599675081181545,4.340662302508655,0.7569042642617195,0.0788726671700471,0.43463095079393943,0.21731547539696972,0.36062608853845607,0.18031304426922803,3.560711083323191,2.1364266499939144
19,0.7250000000000001,0.25,1.1,0.03511813663199544,2.9644790000165813,3,6.32600929754801,3.2832139681816024,0.31269968438374035,20.230302790407766,0.09778109261369083,10.779493960862784,40.01839363266387,409.26515099158024,3.7419607635192915,5.127314840127139,4.882491215814988,0.8761225621120731,0.09945092737398052,0.4005600859407647,0.20028004297038235,0.35919976200075965,0.17959988100037982,3.170995176255887,1.902597105753532
20,0.75,0.25,1.1,0.03982473243707815,2.7474658749997616,3,6.779842906976918,3.3228130498426904,0.35658827991980624,19.013083964794493,0.1271552013761661,11.041086564204882,45.966269843285225,361.49736185232547,4.167184439370951,5.065292037688166,5.5217933962828925,0.9935420829364809,0.12958846181173295,0.3669668692749574,0.1834834346374787,0.3540194714591298,0.1770097357295649,2.7779014377438185,1.666740862646291
21,0.25,0.275,1.1,0.0844411234552909,2.7840051660314202,3,14.022407274900425,11.486990594478403,1.2281986372228306,11.417051647775406,1.5084718924760183,131.9509529176353,196.62790578318038,130.3490683279711,10.574840570980463,11.377945872636921,14.006848537809784,2.1066258214243914,1.541025036608505,0.1418191735320508,0.0709095867660254,0.0809657191634999,0.04048285958174995,0.8055549166476563,0.4833329499885938
22,0.275,0.275,1.1,0.07399473385937522,2.8936362499953248,3,12.968557739181445,12.103179635102885,0.8345048977806157,15.540421360823181,0.6963984244198358,146.4869572795692,168.18348983448297,241.50469607192943,9.75015864691141,12.568158991155261,12.40969256772316,1.8460106950154318,0.707922764544453,0.16304075943630444,0.08152037971815222,0.0978072744444311,0.04890363722221555,1.1885215508079434,0.713112930484766
23,0.3,0.275,1.1,0.06191496494765627,2.8327262910315767,3,13.236079466009633,10.137985537090856,0.5367621933089267,24.659112789621854,0.2881136521658096,102.77875075026337,175.19379963052185,608.0718435712921,8.554071163415353,12.861751583481084,10.509523216083128,1.5446462405296923,0.29161241931811754,0.20310304787940206,0.10155152393970103,0.12581756179050133,0.06290878089525066,1.8518124176909476,1.1110874506145685
24,0.325,0.275,1.1,0.04934172931923578,2.7639600000111386,3,12.738768440885883,7.869326114912985,0.32662900897624236,39.00072587187884,0.10668650950480221,61.92629350285149,162.27622139051016,1521.0566185334396,6.977384254386777,12.283961522673813,8.479280717850571,1.230970844587004,0.10762789276601187,0.2731045269877271,0.13655226349386354,0.17236313428590355,0.08618156714295178,3.048158748163503,1.8288952488981018
25,0.35,0.275,1.1,0.037321822096691375,2.7871198750217445,3,11.472280002033788,5.7302651399401965,0.19276603571865988,59.514011165211,0.03715874452668766,32.83593857401384,131.61320844506437,3541.9175249728596,5.078834834553799,11.001431794547978,6.5259372793914485,0.9310998114932236,0.037398113039410215,0.38431857789362833,0.19215928894681417,0.2502009711541024,0.1251004855770512,5.171007349283823,3.1026044095702936
26,0.375,0.275,1.1,0.026722407481419377,2.7820202499860898,3,9.63193732743457,4.062322910077294,0.1214770218303648,79.2901997620997,0.014756666832774925,16.502467425738857,92.77421667962741,6286.935778313676,3.117618364714713,9.229449112260465,4.864592985810963,0.6666670374274266,0.014828173262553652,0.5074874245762445,0.25374371228812226,0.37499690650606904,0.18749845325303452,8.212136774567988,4.927282064740792
27,0.4,0.275,1.1,0.018178045319592207,2.856837166007608,3,7.5048322294837835,3.110161380412098,0.09251124900305495,81.12345590789673,0.008558331192105235,9.673103812206888,56.32250679269853,6581.0150984404645,1.5395933899501744,7.220593864886989,3.696150403826159,0.4535034363150256,0.008593021143077662,0.5439880833214078,0.2719940416607039,0.5448985008752106,0.2724492504376053,10.78765527280482,6.472593163682892
28,0.42500000000000004,0.275,1.1,0.01208978676177838,2.809164167032577,3,5.4153502551588835,2.8732355177635167,0.08430038394833579,64.23873773193877,0.007106554733836831,8.255482340537784,29.326018386049384,4126.615425392813,0.5426149084063949,5.254289402804158,3.1448495861652788,0.3016143784652747,0.007133744075039444,0.4899437667068357,0.24497188335341785,0.6719402881798272,0.3359701440899136,11.839714705349323,7.103828823209594
29,0.45,0.275,1.1,0.008659482245183156,2.7664370840066113,3,3.655498596057309,3.052597375881013,0.09404744703074697,38.86866375928541,0.008844922293001156,9.318350739235646,13.362669985776957,1510.773022432387,0.09653891428063854,3.58936554246261,3.1240437366925247,0.2160356015102955,0.0088738765983932,0.4046011012949325,0.20230055064746624,0.622371229479415,0.3111856147397075,10.615569731812439,6.369341839087463
30,0.475,0.275,1.1,0.007647790365671648,2.9910806249827147,3,3.3926289158632996,2.4040966977234404,0.11153921047488989,30.416468804278118,0.012440995473361787,5.779680932004751,11.509930960751788,925.161574521624,-0.18919946929424114,2.417228258663855,3.3797421945670028,0.19079604820386944,0.012467868996071387,0.4200437094020898,0.2100218547010449,0.5066717885565688,0.2533358942782844,8.955789656802876,5.373473794081725
31,0.5,0.275,1.1,0.008103907720641276,2.976482792000752,3,3.7216392659822994,1.816819619735555,0.11325661506585742,32.8602374688508,0.012827060856175802,3.300833530656047,13.850598826101269,1079.7952065092659,-0.5336947204288496,1.8357148376868704,3.7085759584623426,0.2021752027941984,0.012863806796898015,0.6363585881483876,0.3181792940741938,0.43920009304285174,0.21960004652142587,8.816886408439258,5.290131845063555
32,0.525,0.275,1.1,0.009153527713122072,2.925021583971102,3,4.007380459742694,1.7782262151304058,0.09882922056919359,40.54853854621868,0.009767214838314317,3.1620884721770084,16.059098149127568,1644.1839782341822,-0.7012156563569851,1.7729179043120893,4.004443432339429,0.22836098157548207,0.00984173634868086,0.97496808407115,0.487484042035575,0.4507763178847947,0.22538815894239736,10.080083664343036,6.0480501986058215
33,0.55,0.275,1.1,0.010471598521316178,2.878379042027518,3,4.229579250680474,1.9839157808575716,0.10438550942616144,40.51883517100931,0.01089633457815924,3.935921825535708,17.8893406377868,1641.776003615421,-0.26497866556631244,2.0139095884025764,4.208572028807606,0.261244035298442,0.011022365931187033,1.0731305426382671,0.5365652713191336,0.45576016426455285,0.22788008213227642,9.524947431552281,5.714968458931368
34,0.575,0.275,1.1,0.012044932846325823,2.771487458026968,3,4.400265763794006,2.2113920535468026,0.13454929814181688,32.70374371745933,0.018103513630455526,4.8902548144899445,19.362338792017646,1069.5348531372608,0.5389250550364002,2.4084972425791396,4.2871366535062565,0.3004953689990592,0.018362246056092886,0.9279404491076595,0.46397022455382975,0.416399634149413,0.2081998170747065,7.3796726667594985,4.427803600055699
35,0.6000000000000001,0.275,1.1,0.013978982464827441,2.7723262920044363,3,4.566094203804745,2.349185004413048,0.1814584948445359,25.163298128956345,0.03292718535124447,5.518670184959133,20.84921627801929,633.191572726738,1.3319966217568067,2.880066748358882,4.240802465882845,0.348745779457048,0.033459482210703474,0.755763885047316,0.377881942523658,0.37567983542999206,0.18783991771499603,5.4668907119131855,3.280134427147911
36,0.625,0.275,1.1,0.016397446758509574,2.794995917007327,3,4.779293154779253,2.3563303222244762,0.238606691244691,20.030004732256614,0.0569331531067393,5.552292587434504,22.84164305931983,401.20108957422235,1.9769187894075233,3.3595109502828477,4.122766966848433,0.4090813022543165,0.057861310622874466,0.6199622464714171,0.30998112323570853,0.3482600251944705,0.17413001259723526,4.157247364504874,2.4943484187029243
37,0.65,0.275,1.1,0.019361992080987947,2.8498461669660173,3,5.054329065811423,2.282521869794918,0.2919247560042632,17.313807622871185,0.0852200631681486,5.209906086092088,25.546242305506173,299.76793440179233,2.4285336738682655,3.7787994508380955,4.040880492558115,0.48304038130923327,0.08640104747408711,0.5267650619328054,0.2633825309664027,0.3376351843929481,0.16881759219647405,3.40204846482149,2.041229078892894
38,0.675,0.275,1.1,0.02282524928293888,2.868641208973713,3,5.380309196361286,2.2273767075890807,0.3195481714812624,16.83723981714843,0.10211103389701828,4.961206997510373,28.947727048449828,283.4926446601685,2.6854462551948264,4.085679916177056,4.122378119087536,0.5694412574383477,0.10323099110506874,0.4715030548785475,0.23575152743927374,0.34646967292076364,0.17323483646038182,3.112396738345224,1.8674380430071342
39,0.7,0.275,1.1,0.026633971176011448,2.871045292005874,3,5.757012936738219,2.2385800228574664,0.3138655342730022,18.342290911530075,0.0985115736044771,5.0112405187365345,33.143197953771214,336.4396358831988,2.7949397594392433,4.245880422366559,4.4479142763344734,0.6644607403425424,0.09960058387251118,0.4465800397650064,0.2232900198825032,0.3758716527555797,0.18793582637778986,3.1686119651589686,1.901167179095381
40,0.7250000000000001,0.275,1.1,0.030558947233516348,2.9245337499887682,3,6.195371331649815,2.2749548691997625,0.29593608392864085,20.93482906648081,0.08757816577101955,5.175419656895708,38.3826259370284,438.2670680427697,2.8563017753376445,4.231244667702617,5.0160709992705,0.7623805165472047,0.0887212604547859,0.43815461316041104,0.21907730658020552,0.41762496530222,0.20881248265111,3.3572690624739607,2.0143614374843763
41,0.75,0.275,1.1,0.03431968216246527,2.908745832974091,3,6.695428116202707,2.2809515574437387,0.2859585723171825,23.41397938151755,0.0817723050816813,5.202740007405017,44.82875765923772,548.214430478129,2.948218595448113,4.009630626285375,5.770879389775221,0.8562028271071908,0.08298138316241237,0.43093320549817915,0.21546660274908958,0.4549654672979699,0.22748273364898494,3.4714400150291507,2.08286400901749
42,0.25,0.3,1.1,0.08850372283442222,2.7031365419970825,3,13.066704812205916,11.967269563856851,1.458876660190305,8.956689190230389,2.1283211096480183,143.21554081401453,170.73877464932525,80.2222812503899,10.859818986213195,12.026844807029402,12.905908308622767,2.2079790057968394,2.1699271869672474,0.1216806413813782,0.0608403206906891,0.08391757989577958,0.04195878994788979,0.6788556226918407,0.40731337361510445
43,0.275,0.3,1.1,0.07823291659812302,2.791962249961216,3,12.994609200534603,11.367751684849065,1.0214460350122305,12.721777514539971,1.043352002442207,129.22577836838875,168.85986827461855,161.8436231294548,10.03306889301472,12.897250973715202,11.356963067511426,1.9517443094916593,1.0614410508525711,0.1413641805828748,0.0706820902914374,0.10005247991655604,0.05002623995827802,0.9706263119737822,0.5823757871842693
44,0.3,0.3,1.1,0.06625178590976168,2.862796332978178,3,13.243679633262065,9.510362246782352,0.6682607590611476,19.818131550726346,0.4465724421009811,90.44699006502306,175.39505022848044,392.75833816189504,8.865651146107494,13.115358492347593,9.567868209713657,1.6528406681713743,0.45270243844711233,0.17693949680134902,0.08846974840067451,0.12558607917526707,0.06279303958763353,1.48625587074099,0.891753522444594
45,0.325,0.3,1.1,0.0535331579499542,2.8854537500301376,3,12.86862968099752,7.507117067313739,0.41401321571005184,31.08265435181151,0.17140694278257793,56.35680666235323,165.60162986665034,966.1314015541869,7.377573342549211,12.675373131748497,7.7253542039294425,1.3355380438474935,0.17316197345318746,0.23538215502973614,0.11769107751486807,0.16585341663438324,0.08292670831719162,2.4031104759721322,1.4418662855832793
46,0.35,0.3,1.1,0.04109887305878667,2.7656688329880126,3,11.809032975532025,5.73303787664144,0.2554696455311621,46.22479884441521,0.0652647397878176,32.86772329500539,139.45325981720276,2136.73202820665,5.700917250244138,11.600722327698078,6.062853240526009,1.0253291722595896,0.06575715738268526,0.3152321860119029,0.15761609300595145,0.23013853002752083,0.11506926501376041,3.8996756310801155,2.339805378648069
47,0.375,0.3,1.1,0.029955236702801466,2.8304252920206636,3,10.129278695540563,4.538871584441191,0.17315499076179103,58.49833522543622,0.029982650825715936,20.601355260047686,102.60228689193194,3422.0552241475125,4.149080714424776,9.96598195611062,4.832633073794378,0.747319227205843,0.030160985285309316,0.3812714015688287,0.19063570078441436,0.3318505707802272,0.1659252853901136,5.7580739429401016,3.454844365764061
48,0.4,0.3,1.1,0.02099737981029786,2.7470716669922695,3,8.05577746830974,4.094872147729756,0.12906734933218647,62.41530108111403,0.016658380663636656,16.767977906252906,64.89555061892689,3895.669809046114,2.8974082083653308,7.968785108562275,4.2313405260747565,0.5238398150167796,0.016749301255922854,0.4162292746582624,0.2081146373291312,0.47713870820065185,0.23856935410032593,7.726835261121726,4.6361011566730355
49,0.42500000000000004,0.3,1.1,0.014928322850986058,2.7769190419930965,3,5.931642349876232,4.2343821598637135,0.10423394808886806,56.90701022683144,0.010864715934192842,17.929992275772086,35.184380966845225,3238.407812956698,1.9248423077644121,5.918125592324624,4.238198140604386,0.3724297960708446,0.010920756776680404,0.4307103523095754,0.2153551761547877,0.6090974732726351,0.30454873663631754,9.569155954816583,5.74149357288995
50,0.45,0.3,1.1,0.012037897042735292,2.9670782079920173,3,4.737397247372962,3.9966066216532683,0.10241014644031259,46.25906135320337,0.010487838093926269,15.97286448824275,22.442932679416916,2139.900757279434,1.324328104990947,4.13559435791163,4.607922775593803,0.30031984071483225,0.010533755099157155,0.3920184361301064,0.1960092180650532,0.6075465129324238,0.3037732564662119,9.743351971810426,5.846011183086255
51,0.475,0.3,1.1,0.01164433333270272,2.893978916981723,3,5.187226139117027,2.6989864194472966,0.11265783751498108,46.04407694606456,0.01269178835355188,7.284527692360938,26.907315018338938,2120.057021815114,0.9113507070791353,2.851501647207854,5.097948790389853,0.29050126606773885,0.012731276475620616,0.3840087957288156,0.1920043978644078,0.5209246811373967,0.2604623405686983,8.862658705298681,5.317595223179208
52,0.5,0.3,1.1,0.012414833422798864,2.870313666993752,3,5.6210033463646045,2.009861412355341,0.11518974633040281,48.797775196428354,0.013268677659662548,4.039542896875005,31.595678619842083,2381.222864121158,0.5268028154779483,2.1362736356890544,5.5667671444098765,0.30972359896417156,0.01330612766064464,0.528999314631523,0.2644996573157615,0.45986729919914726,0.22993364959957363,8.669102883084362,5.2014617298506165
53,0.525,0.3,1.1,0.013447304801962207,2.897517958015669,3,5.951064515454035,1.8476116619378464,0.10948205606906682,54.35652863241628,0.01198632060111029,3.4136688533287307,35.41516886709616,2954.6322049666906,0.3709386210781016,1.8799213624688818,5.932467601028031,0.33548155644064653,0.01205712386252103,0.7768194249119126,0.3884097124559563,0.4556822486471748,0.2278411243235874,9.107058761507629,5.464235256904577
54,0.55,0.3,1.1,0.014382257876239129,2.9525237909983844,3,6.1409840557351645,1.927160387862531,0.11603243155616093,52.924720902387214,0.01346352517283517,3.7139471605464607,37.71168517279351,2801.026082595582,0.6342941445481989,1.927748509168024,6.131405983848253,0.35880664032746523,0.01360400514515532,0.9218116897859983,0.46090584489299913,0.4615452050000079,0.23077260250000395,8.573666894895975,5.144200136937585
55,0.575,0.3,1.1,0.015142451253007099,2.9436789579922333,3,6.182177204030007,2.043252099396181,0.13838676723522733,44.673181746645284,0.01915089734581699,4.174879141686901,38.21931498202828,1995.6931673688014,1.1170207197486004,2.2146980526065025,6.112752734381471,0.3777718427222807,0.01945283492675518,0.9305860761013789,0.46529303805068944,0.45846213158392146,0.22923106579196073,7.169824895418933,4.30189493725136
56,0.6000000000000001,0.3,1.1,0.015839587798507034,2.954120167007204,3,6.102931368739303,2.089795597338727,0.17796633734652034,34.29261656858293,0.03167201722853548,4.3672456386563265,37.245771291542184,1175.9835511198485,1.63934921255077,2.6703898435718476,5.861531584289786,0.3951639117487705,0.03237793269318519,0.8614930279130684,0.4307465139565342,0.4494831542892478,0.2247415771446239,5.557448438406923,3.334469063044154
57,0.625,0.3,1.1,0.01674202636942343,2.940803625038825,3,5.964214548544989,2.001265376829849,0.24043046589235192,24.806400995851128,0.0578068089292134,4.005063108497918,35.571855181075705,615.3575303669638,2.10846536950526,3.1562509669836523,5.431238363741294,0.4176778281670946,0.059485997542102945,0.7596572248182804,0.3798286124091402,0.4347854013117719,0.21739270065588595,4.100082784207571,2.4600496705245427
58,0.65,0.3,1.1,0.0181544849871967,2.8195456250105053,3,5.832390161148678,1.7826691712218556,0.32480448961294206,17.956618050750865,0.10549795647272378,3.177909374024818,34.0167749918639,322.4401318205518,2.4340136399150363,3.530408430168957,4.962989627918769,0.4529156563026953,0.10866202422133187,0.6643077319833298,0.3321538659916649,0.42281700687678064,0.21140850343839032,3.0336194802166445,1.8201716881299865
59,0.675,0.3,1.1,0.02021992848464907,2.8613184590358287,3,5.758859566615984,1.5598555601050335,0.3989728114726514,14.434215568122088,0.15917930429439184,2.4331493683905876,33.16446350800444,208.34657906701804,2.552941368819576,3.708540669078037,4.6635881543243,0.5044440636281858,0.1615342528356459,0.5946115768475906,0.2973057884237953,0.4232800931547155,0.21164004657735774,2.4880991701635686,1.4928595020981412
60,0.7,0.3,1.1,0.022819421751671957,2.7416014579939656,3,5.7964973670594455,1.503711718011357,0.39000544176083746,14.862606380282315,0.15210424460306599,2.261148930884667,33.59938172632708,220.8970684152086,2.4471915529542225,3.6739451290293648,4.710696795561733,0.569295872969978,0.15288998619591665,0.5547898605408951,0.27739493027044754,0.4449847925087833,0.22249239625439166,2.5574695953547835,1.53448175721287
61,0.7250000000000001,0.3,1.1,0.02564983987580102,2.665728458960075,3,6.00472456258297,1.580927726183714,0.30925209036794216,19.416924734247278,0.09563685539694186,2.4993324754164084,36.05671707248724,377.01696613542373,2.153919842808705,3.4498030607350785,5.132354432260096,0.6399087646716721,0.09671039042328171,0.5440923840119181,0.27204619200595903,0.4978692682420654,0.2489346341210327,3.2156104527528733,1.929366271651724
62,0.75,0.3,1.1,0.028352851465655124,2.8081398340291344,3,6.399023268455254,1.6422836459279826,0.2322277667733432,27.554944687991465,0.05392973566053428,2.6970955736825073,40.94749879023176,759.2749767582691,1.7843929382202712,3.064856298578639,5.8141934657919645,0.7073431352459927,0.054691261136076225,0.558205298190899,0.2791026490954495,0.5846253956676069,0.2923126978338034,4.276032830920342,2.5656196985522053
63,0.25,0.325,1.1,0.09053790198085625,2.861236250028014,3,13.454539701570095,11.40780772560544,1.6453283388436353,8.177419293115788,2.7071053426019565,130.13807710438317,181.0246385811259,66.87018629542231,11.063109089887453,12.463985989665913,12.38616262831726,2.258727434286777,2.7525063691123495,0.11058467406588544,0.05529233703294272,0.08409696783470584,0.04204848391735292,0.6027480773186942,0.36164884639121647
64,0.275,0.325,1.1,0.08050112256977618,2.7884069999563508,3,13.370075510787755,10.745412296439333,1.1869755494058767,11.263985612407899,1.4089109548873828,115.46388542046964,178.75891916416646,126.87737187653214,10.27781291201262,12.992268223871829,11.081484002522705,2.008331207825898,1.433043621109494,0.1299516304518334,0.0649758152259167,0.09654022949412215,0.048270114747061076,0.8353534966832598,0.5012120980099558
65,0.3,0.325,1.1,0.06874514870970322,2.739166750048753,3,13.260051825871187,9.48041648725209,0.7923914784546546,16.7342181060949,0.6278842551275534,89.87829677176124,175.8289744247898,280.0340556223544,9.202568846863993,13.13618892583424,9.530703933387544,1.715044748856266,0.637036639248554,0.16249350429535508,0.08124675214767754,0.11528731494126343,0.057643657470631715,1.2529039955557064,0.7517423973334239
66,0.325,0.325,1.1,0.056104230629444425,2.82156033400679,3,12.896525278326017,7.937480670448393,0.5086063462844058,25.35659527754782,0.2586804154807729,63.003599393741865,166.32036425450195,642.9569240693605,7.904945795375507,12.833437585387188,7.932617311285461,1.3996808201837252,0.2615580936119731,0.2091441984051253,0.10457209920256265,0.14378729753491895,0.07189364876745948,1.9553113370049036,1.1731868022029421
67,0.35,0.325,1.1,0.043618326842834,2.7872555409558117,3,12.001102699463729,6.559211229296247,0.34464674046497357,34.8214600354922,0.11878137571313085,43.02325195052599,144.0264660030756,1212.5340790033806,6.601267132521823,11.9555163398744,6.561248630734334,1.088184167316231,0.11977381668333044,0.25381562369909916,0.12690781184954958,0.18847310411570825,0.09423655205785413,2.8894757603847503,1.7336854562308501
68,0.375,0.325,1.1,0.032479279088655,2.8698077910230495,3,10.484270795785218,5.717420290575648,0.2601151315077276,40.306270285063164,0.06765988163928241,32.68889477908613,109.9199341193548,1624.5954242925657,5.493525775167075,10.459367682087983,5.711527702526665,0.8102886980848513,0.06813802610193886,0.2765055338862714,0.1382527669431357,0.25874288364000375,0.12937144182000188,3.8309389037068167,2.29856334222409
69,0.4,0.325,1.1,0.023896004307115793,2.868826500023715,3,8.5411464112189,5.527124887451166,0.1986226431861185,43.00187669547553,0.03945095438624015,30.54910952148206,72.9511820178775,1849.1613993328815,4.476428975238315,8.514176800201886,5.540138621653151,0.5961543101554307,0.039723837224627044,0.30064437043314207,0.15032218521657104,0.36080811888234304,0.18040405944117152,5.017350064866961,3.0104100389201767
70,0.42500000000000004,0.325,1.1,0.018828730025677684,2.9202982499846257,3,6.82140531454412,5.5160896530343555,0.15383439918400693,44.342522548450226,0.023665022372304393,30.427245060312675,46.53157046529076,1966.2593059598169,3.5117122728465326,6.465308837486246,5.912834318777853,0.46973663108263597,0.023819205410155225,0.32920266060852177,0.16460133030426088,0.4685190136102038,0.2342595068051019,6.479423477299732,3.887654086379839
71,0.45,0.325,1.1,0.017280824883574894,2.894906792032998,3,6.83970183321324,4.263002727412929,0.1355360940859472,50.46406183784517,0.01837003280007473,18.173192253930072,46.781521167260564,2546.6215371738613,2.7484012390050716,4.688058975348756,6.542883332358691,0.4311197012262272,0.01846903502568372,0.32698928225107904,0.16349464112553952,0.5111592655170721,0.25557963275853607,7.358306902204364,4.414984141322618
72,0.475,0.325,1.1,0.017927999578077992,2.9800464170402847,3,7.384485934949052,3.058604023717033,0.1286051277581865,57.419840590135294,0.016539278885699473,9.355058573898026,54.530632523460376,3297.038093396549,2.1326626408254876,3.4338880446044233,7.204900901408261,0.4472653286956974,0.016603984380734835,0.3316627725739312,0.1658313862869656,0.5008515045433903,0.25042575227169517,7.760573955071211,4.656344373042726
73,0.5,0.325,1.1,0.01930545563062019,3.0463643340044655,3,7.871501223152614,2.4465335033515845,0.11642847372817862,67.60804269864369,0.013555589494673179,5.985526183021777,61.9605315060931,4570.847437541628,1.6148855379504612,2.7125861924805594,7.769782625628237,0.4816299175289939,0.013604447482804444,0.43206065408989214,0.21603032704494607,0.5113371804849759,0.25566859024248795,8.573527510827232,5.144116506496339
74,0.525,0.325,1.1,0.020592587631825306,3.003767957969103,3,8.197698725019434,2.2403477888548617,0.11355323540214073,72.19255969227002,0.012894337270293986,5.019158215026868,67.20226438618525,5211.7656749219705,1.470002141291837,2.324637949727821,8.158826227399825,0.5137411140451799,0.012960198451816464,0.583692831020506,0.291846415510253,0.5172339739760912,0.2586169869880456,8.784037358434679,5.270422415060807
75,0.55,0.325,1.1,0.021395405898587315,2.971219042025041,3,8.322706775605162,2.1464859928785542,0.13034903192095587,63.849394605800235,0.016990870122730373,4.607402117623833,69.26744807270408,4076.745191527192,1.6905601064620654,2.1457585441454943,8.306783446102845,0.5337697164780631,0.017126065256758555,0.6814772602280337,0.34073863011401684,0.4813281966818678,0.2406640983409339,7.6413695378711335,4.58482172272268
76,0.575,0.325,1.1,0.021521267336455308,2.8602892920025624,3,8.240093358032954,2.0258317924097966,0.15665633829322334,52.59980826699436,0.024541208327440833,4.1039944511382895,67.89913854909881,2766.739829724568,1.9225825014223088,2.284090564236004,8.156122392835575,0.5369096907475273,0.024874918405611887,0.7661826279482106,0.3830913139741053,0.46691533437610216,0.23345766718805108,6.340436648366292,3.804261989019775
77,0.6000000000000001,0.325,1.1,0.020969057961937605,2.7665837919921614,3,7.973365856749195,1.8386054746817015,0.19065177049763332,41.82161978321714,0.036348097593882245,3.380470091529525,63.57456308557383,1749.0478812919791,2.0556148068514597,2.7730356042944804,7.682967292630458,0.5231332453428486,0.03725244197385781,0.8544940257845046,0.4272470128922523,0.49926424680227244,0.24963212340113622,5.181107777046708,3.1086646662280244
78,0.625,0.325,1.1,0.019998809483026042,2.844083917036187,3,7.563145280152097,1.5603234092556184,0.24832001232111867,30.45725235536677,0.06166282851916052,2.434609141471076,57.20116652868693,927.6442210384946,2.1502865340978934,3.364607928510911,6.937429150603025,0.49892761643556555,0.06440240964098527,0.9029269518278461,0.45146347591392305,0.5502770971963008,0.2751385485981504,3.94047831186923,2.364286987121538
79,0.65,0.325,1.1,0.01912634936948225,2.89118083298672,3,7.053946678878906,1.2094602065871782,0.3564998964191502,19.786672449927778,0.12709217614686483,1.4627939913178998,49.75816374846674,391.51240664073094,2.224680185861258,3.7763004402100835,6.071237247058399,0.47716159855060264,0.13435526632208747,0.886582556048456,0.443291278024228,0.5856989808980929,0.29284949044904646,2.7281776888828504,1.63690661332971
80,0.675,0.325,1.1,0.0189158009874681,2.9984229169785976,3,6.505618466658627,0.9760175013168964,0.4704809790311561,13.827590820048464,0.22135235163011516,0.9526101628768777,42.323071633729754,191.20226788668853,2.188783348122541,3.8586477545584246,5.327773801213491,0.4719088657580912,0.2215480321961601,0.8408749522491458,0.4204374761245729,0.608518409517459,0.3042592047587295,2.1245455733676493,1.2747273440205895
81,0.7,0.325,1.1,0.01961276726114803,2.899893250025343,3,6.027899309995581,1.1771748556622468,0.3730893424786424,16.1567180395689,0.1391956574711457,1.3857406408034316,36.3355700914452,261.03953781013115,1.9471571813292803,3.6084959627135587,4.959823790118109,0.4892966868660549,0.14549675039059273,0.8064639839261192,0.4032319919630596,0.6402337638216035,0.32011688191080173,2.6216418016146235,1.572985080968774
82,0.7250000000000001,0.325,1.1,0.020981252049620095,2.810224584012758,3,5.78695017568086,1.4522416612594131,0.2469968219622233,23.429249533283226,0.06100743005943824,2.1090058426975,33.48879233581274,548.9297336928522,1.4606678795978176,3.118971158899529,5.065257914667327,0.523437461806693,0.06345092955088495,0.8023430900934254,0.4011715450467127,0.7010699176200202,0.3505349588100101,3.9699131480664747,2.3819478888398846
83,0.75,0.325,1.1,0.022532797346629673,2.7892005409812555,3,5.891710857148247,1.518686743889018,0.16322449824510035,36.0957510698006,0.026642236827364767,2.3064094260642274,34.71225682423854,1302.9032452930112,0.757527329591499,2.5101074120180056,5.516218091673321,0.562145205759443,0.027297465148620116,0.8375009033155552,0.4187504516577776,0.8135863354038109,0.40679316770190543,6.052556328279921,3.631533796967952
84,0.25,0.35,1.1,0.0901586466943842,2.9372404160094447,3,14.556982330615295,10.856557951700607,1.7325559343349135,8.40202734130103,3.001750065599125,117.86485055863368,211.9057345738459,70.59406344397006,11.224875635152696,12.562442789825864,13.034499207955603,2.2492658242714056,3.043887454032118,0.10649982207975359,0.05324991103987679,0.0804543199634185,0.04022715998170925,0.5731729741973925,0.3439037845184355
85,0.275,0.35,1.1,0.0805585804237448,2.939132250030525,3,14.081490679756884,10.5903925475804,1.2770317093785666,11.026735339727207,1.6308099867583437,112.15641431184648,198.28837976408,121.58889225238887,10.498693703692599,12.770164736917973,12.03990625675568,2.00976465865958,1.657705310865435,0.12677870587559328,0.06338935293779664,0.08851628993710435,0.044258144968552175,0.776687535585038,0.4660125213510228
86,0.3,0.35,1.1,0.06929399086611487,2.8434993340051733,3,13.480635683291888,10.051930216552776,0.8712967317124497,15.471922701691993,0.7591579946927965,101.04130107844674,181.72753842564256,239.38039208713204,9.542492516998882,12.878561565988303,10.70897367724708,1.7287371893552992,0.7705147111605866,0.15677760299832202,0.07838880149916101,0.1011710019630764,0.0505855009815382,1.139225067259806,0.6835350403558836
87,0.325,0.35,1.1,0.05710598220963423,2.8159322080318816,3,12.988630971055056,8.996728407784522,0.5994600854687363,21.667215692766007,0.35935239407018466,80.94112204343702,168.7045345022506,469.46823587684554,8.498419097421785,12.739994406693077,9.25569338595342,1.4246723842360185,0.3635050879903958,0.18803918235887548,0.09401959117943774,0.12130152549163928,0.06065076274581964,1.6586118082905204,0.9951670849743122
88,0.35,0.35,1.1,0.04511934954976065,2.8907200419926085,3,12.218973239601741,7.843921436299819,0.46259938683350177,26.41372554174954,0.2139981926987318,61.52710349884382,149.30330703010347,697.684896994872,7.583669930233783,12.073302866131803,8.000794985154805,1.125631480468454,0.21589372825273798,0.20093100514957232,0.10046550257478616,0.15364128288528278,0.07682064144264139,2.1521869164185823,1.2913121498511493
89,0.375,0.35,1.1,0.03478868709642545,2.8007227079942822,3,10.918060159011965,7.077811991151705,0.38090179695454407,28.663713971175884,0.14508617892320072,50.09542258209087,119.20403763580437,821.6084986213835,6.764338889422269,10.746808431425137,7.29365467039597,0.8679034992894964,0.14625392200138412,0.2038647387605667,0.10193236938028336,0.20450391686433342,0.10225195843216671,2.6148467407696936,1.5689080444618162
90,0.4,0.35,1.1,0.027647449717235095,2.8411086249980144,3,9.388705437636393,6.7214320136306345,0.2981685545741257,31.48791277150699,0.08890448693682339,45.17764831385877,88.14778979470317,991.4886507060331,5.869424627492132,8.923425334607197,7.301443344406169,0.6897448670457081,0.0896418873112158,0.22063220674440545,0.11031610337220273,0.278078937917982,0.139039468958991,3.339984906493684,2.0039909438962105
91,0.42500000000000004,0.35,1.1,0.02457922154613395,2.819713916978799,3,8.71886042669666,5.900974748459237,0.2307734789962357,37.781033005265215,0.05325639860802604,34.82150298195356,76.01852714021706,1427.4064549449395,4.94857486651765,6.983132738753244,7.858316009825244,0.6131991221908846,0.053669508938531986,0.2433547665173993,0.12167738325869965,0.35662852813433965,0.17831426406716983,4.316544169014599,2.5899265014087596
92,0.45,0.35,1.1,0.02484161053011284,2.8003971250145696,3,9.09395151493432,4.556322549620366,0.1935599038517322,46.98262054263227,0.03746543637909181,20.760075176179033,82.69995415597622,2207.366633052972,4.163914259595796,5.33501706253034,8.640081228702021,0.619745167367556,0.03769555314884194,0.2493734106636769,0.12468670533183845,0.40126556657660334,0.20063278328830167,5.150565799123033,3.0903394794738195
93,0.475,0.35,1.1,0.026682188098916745,2.7594390410231426,3,9.65906680247426,3.616584463344197,0.16132357353237092,59.8738708235724,0.026025295377254287,13.079683180502633,93.29757149466033,3584.880407397835,3.4581678877848847,4.221658859393012,9.38817172568546,0.6656636496675911,0.02614880904310041,0.2694003040417439,0.13470015202087196,0.4428233008789097,0.22141165043945485,6.1840649639506475,3.710438978370388
94,0.5,0.35,1.1,0.0287678894785951,2.723164708004333,3,10.097861907177546,3.230910838366249,0.12470582264321663,80.9734597242306,0.0155515422011214,10.438784845472497,101.96681509642734,6556.701179711594,2.806580131371863,3.5797518752279016,9.954468261496945,0.7176974479215573,0.015630132388949926,0.3578240602574403,0.17891203012872015,0.5485301947359316,0.2742650973679658,7.99868643202357,4.799211859214142
95,0.525,0.35,1.1,0.03039252154967242,2.716446125006769,3,10.314086589056302,3.061559329392398,0.11378413897689908,90.64608373184869,0.012946830282714285,9.373145527389632,106.38038216655106,8216.712495921323,2.55796563704133,3.146278465602162,10.261213174166889,0.7582285509102303,0.013027232376044936,0.4578409016035361,0.22892045080176804,0.6190128766619903,0.30950643833099517,8.76140830288796,5.256844981732775
96,0.55,0.35,1.1,0.031141442698027023,2.9061502079712227,3,10.290153578844471,2.802957204876263,0.13442279413141933,76.55065976968336,0.018069487582097945,7.856569092367754,105.88726067620567,5860.003511173819,2.710194426325102,2.817049741804034,10.257803708441152,0.7769125352625935,0.018211819092143287,0.5020052756623437,0.2510026378311718,0.5632339191161894,0.2816169595580947,7.41008749922507,4.446052499535042
97,0.575,0.35,1.1,0.03072969283599271,2.8348408750025555,3,10.051645665579747,2.3757970455136714,0.17166422808699563,58.55410750156867,0.02946860720470406,5.64441160147149,101.03558058636811,3428.5835053052606,2.821708951620099,2.8397081129901802,9.90241290532644,0.7666402549347668,0.029801772943813837,0.5626946069012042,0.2813473034506021,0.4998048199865938,0.2499024099932969,5.792672149381512,3.475603289628907
98,0.6000000000000001,0.35,1.1,0.029048653812014054,2.795966250007041,3,9.640138413321486,1.8359007486923133,0.2194378692346773,43.93106097385526,0.04815297845425534,3.3705315590489966,92.93226862799649,1929.9381182885886,2.7135691132502613,3.4004600846694255,9.179467931578767,0.7247019188512767,0.0491282225117332,0.6847599915332199,0.34237999576660993,0.5008012653788101,0.25040063268940504,4.511640372625095,2.706984223575057
99,0.625,0.35,1.1,0.026286621909666325,2.7951761670410633,3,9.07462635261296,1.2665251090341683,0.2896500050855283,31.329626077283823,0.08389712544604656,1.6040858518140118,82.34884343953759,981.5454701424226,2.405354515897754,4.164344406532793,8.1403313719112,0.6557951174375741,0.08736385508329773,0.8703683196124583,0.43518415980622915,0.5924429555386422,0.2962214777693211,3.383250113862396,2.0299500683174374
100,0.65,0.35,1.1,0.02298984090233144,2.8589435830363072,3,8.338382835991318,0.7931807632519827,0.4144162810837211,20.120789690467745,0.17174085402726172,0.6291357231929978,69.52862831955461,404.8461777680331,2.0165617156477778,4.680342358160661,6.9350518102020295,0.5735474670814013,0.17446339894335786,1.0656233066020988,0.5328116533010494,0.7477812377216776,0.3738906188608388,2.394130588174508,1.4364783529047047
101,0.675,0.35,1.1,0.01997017780332052,2.9921355830156244,3,7.4295656003088775,0.9319207499050438,0.3275523052859366,22.6820739173954,0.1072905126981314,0.8684762841035792,55.19844500929301,514.4764771941886,1.63770473063434,4.711160418528309,5.807836327550944,0.4982133171307921,0.12070099013523565,1.1860461770762332,0.5930230885381166,0.8935352565467202,0.4467676282733601,2.8783565065669237,1.7270139039401542
102,0.7,0.35,1.1,0.01799092613826319,2.8965200830134563,3,6.440818552574719,1.4587437332813846,0.1934804559715513,33.28924629742321,0.037434686842959405,2.1279332793877113,41.48414362719069,1108.173919050505,1.1953049415803232,4.255160410106066,5.034050896652297,0.4488352120785226,0.040547347291668936,1.2365888538703467,0.6182944269351733,1.007749933526253,0.5038749667631265,4.966137919148386,2.9796827514890314
103,0.7250000000000001,0.35,1.1,0.01729652754093577,2.9557949579902925,3,5.607416959697556,1.87990679799507,0.12545746933708965,44.69576015941369,0.01573957661246679,3.534049569148077,31.44312495990378,1997.710976227832,0.5590478219960904,3.471139766163677,4.77052415346467,0.43151144901578536,0.016416752894082606,1.2864125479259447,0.6432062739629724,1.1316503868051906,0.5658251934025953,7.804702790009067,4.68282167400544
104,0.75,0.35,1.1,0.017463820448112014,2.8358760419650935,3,5.237869735099723,1.9013683728541673,0.08494193374858763,61.66412164105948,0.007215132108949451,3.6152016892901035,27.435279361873643,3802.4638977633804,-0.3345973770752524,2.5735158778746454,4.92391010750453,0.43568505002412816,0.007393095370254896,1.3867323265327174,0.6933661632663587,1.3138841751526278,0.6569420875763139,11.6301909624123,6.978114577447379
105,0.25,0.375,1.1,0.0878995770720458,2.745619458029978,3,15.72108824985748,10.16443494320896,1.7592535670962337,8.936226445063399,3.0949731133408225,103.31573771472733,247.15261575980693,79.85614307745044,11.277574956493467,12.243022302718327,14.101875442422502,2.192906858354363,3.1330199963885574,0.10809506364665769,0.054047531823328845,0.07722912030004701,0.03861456015002351,0.5649609319444655,0.3389765591666793
106,0.275,0.375,1.1,0.07910892166882279,3.011875832977239,3,14.944538133677609,10.158009395382518,1.3186989862321727,11.332789582539684,1.7389670162897601,103.1851548766795,223.33922002894423,128.43211972211998,10.598508044450577,12.213905576120778,13.235889105323425,1.9735987664922443,1.7681267328293517,0.12944185404522843,0.06472092702261421,0.08305018601599035,0.04152509300799517,0.7520440936672124,0.4512264562003274
107,0.3,0.375,1.1,0.06871175058022112,2.939553416974377,3,13.95590453477475,10.214532341073463,0.9330863489255824,14.956712796028475,0.8706501345512737,104.33667094683572,194.76727138374642,223.70325766288192,9.78091319166644,12.393633060298441,11.976390559718162,1.7142115368018151,0.8842698344826692,0.1540814000315388,0.0770407000157694,0.0931024713964734,0.0465512356982367,1.0634267853192165,0.6380560711915298
108,0.325,0.375,1.1,0.057427995565848274,2.903435415995773,3,13.248062534233373,9.701070318975484,0.7105053889902339,18.64597051552479,0.5048179077841636,94.11076533370709,175.51116091095798,347.6722164658198,9.028617585610993,12.506538528185992,10.566957552335728,1.432705930253478,0.5107896851032842,0.16571147167602562,0.08285573583801281,0.10964715255205508,0.05482357627602754,1.399197243015231,0.8395183458091386
109,0.35,0.375,1.1,0.04657012266171356,2.8895102090318687,3,12.607517541412061,8.748827380052452,0.6082095995039265,20.7289025883431,0.3699189169287267,76.54198052595545,158.94949855701284,429.6874025170173,8.411954447196319,12.11190940111786,9.370870339798303,1.161825173465522,0.37333221070112,0.15976777250608656,0.07988388625304328,0.13618340622162006,0.06809170311081003,1.6366366374963608,0.9819819824978164
110,0.375,0.375,1.1,0.03792787357170256,2.784141374984756,3,11.653468084638503,7.9371329439448575,0.5188270497082497,22.461180640430292,0.2691815075089666,62.99807936985476,135.80331839968818,504.50463576204055,7.741942512675823,11.013206138482026,8.76838288863081,0.9462195023988867,0.2716217455186501,0.1580924991114587,0.07904624955572935,0.17781715524317424,0.08890857762158712,1.9187470809063336,1.1512482485438
111,0.4,0.375,1.1,0.03317168561043269,2.8748943340033293,3,10.765175190698201,7.2131273071082544,0.409541570677458,26.285915671248215,0.16772429811295933,52.02920554855078,115.88899688642405,690.9493626759726,6.919004285361206,9.381117540703872,8.910426493366806,0.8275627631139812,0.16935521565866374,0.17124610355255152,0.08562305177627576,0.23651699707348586,0.11825849853674293,2.4299688808722335,1.45798132852334
112,0.42500000000000004,0.375,1.1,0.03259141777888657,2.7077673340099864,3,10.639308636313327,6.109249555379607,0.3194342585145601,33.30672384918407,0.1020382455127468,37.32293012990593,113.19488825873135,1109.3378535658067,6.0663113146156995,7.620133980251807,9.58604743337291,0.8130863190869871,0.10295196569537977,0.1873385465476844,0.0936692732738422,0.2958225942624234,0.1479112971312117,3.116611568750169,1.8699669412501012
113,0.45,0.375,1.1,0.03469242471911546,2.761588000052143,3,11.055926400834064,5.001748868659661,0.2605816052805634,42.427885072433845,0.06790277301059534,25.017491745138194,122.23350858065966,1800.1254317196547,5.335830064512939,6.148133903839542,10.429298104822356,0.8655019584125518,0.06838188826960145,0.19612402275653723,0.09806201137826862,0.3359646349950333,0.16798231749751666,3.8241018926383026,2.2944611355829814
114,0.475,0.375,1.1,0.037667636473401815,2.975007499975618,3,11.505331294138402,4.439032834015398,0.19995108934828154,57.540728243285685,0.03998043813156447,19.70501250146678,132.37264818788046,3310.935406767655,4.6471290913542,5.189035647792167,11.149370523562123,0.9397271421774698,0.040237963031285184,0.23058486134454365,0.11529243067227182,0.40646408280820845,0.20323204140410422,4.985193342336262,2.991116005401757
115,0.5,0.375,1.1,0.04038109129943767,2.8805212909937836,3,11.748875625832328,4.33163084224561,0.1441702291861179,81.49307726122157,0.020785054983577765,18.763025753493412,138.036078471277,6641.121641503429,3.985882246326058,4.648743291881991,11.58422098808146,1.0074220492072454,0.020942704869533875,0.3204649314147939,0.16023246570739694,0.5656948955916432,0.2828474477958216,6.9100885658563795,4.146053139513827
116,0.525,0.375,1.1,0.042220950776044076,2.7872649999917485,3,11.725777908176344,4.224220257174091,0.12549357757085616,93.43727491995148,0.015748638011532493,17.844036781119943,137.4938675518764,8730.524344466594,3.6542473021050457,4.251723786277601,11.669062056630128,1.0533226166394591,0.015893230888613358,0.4000160766027857,0.20000803830139285,0.6935323634024332,0.3467661817012166,7.932204526740806,4.759322716044483
117,0.55,0.375,1.1,0.04277591120588942,2.756423500017263,3,11.471957806975345,3.8079248852814187,0.14260125387865263,80.44780459460388,0.020335117607763943,14.500291931945506,131.60581592502257,6471.849264091569,3.658574038209968,3.905392619555928,11.390149453472276,1.0671676950034386,0.020562337770611318,0.41641907519197197,0.20820953759598598,0.668257293322958,0.334128646661479,6.973707947394729,4.184224768436837
118,0.575,0.375,1.1,0.04171740676375459,2.9407639160053805,3,11.072664379363223,3.052301366673599,0.1817124239477553,60.935098100649185,0.033019405016968754,9.31654363299752,122.60389645801915,3713.08618053574,3.630090650437707,3.911336515774252,10.750429024955979,1.0407602681639045,0.033489390259266796,0.43788044693322875,0.21894022346661438,0.5905687177870499,0.29528435889352495,5.464449034822466,3.2786694208934795
119,0.6000000000000001,0.375,1.1,0.038882552754339494,2.8975314169656485,3,10.602572998017951,2.1267836039808223,0.24022547889646967,44.13592199596513,0.057708280711038194,4.523208498161655,112.41455417829937,1947.9796104339184,3.379060398823135,4.544149571606121,9.767558774235736,0.9700367105911034,0.058838834306446534,0.5183287842585849,0.25916439212929243,0.5424670882289412,0.2712335441144706,4.122569348835474,2.473541609301284
120,0.625,0.375,1.1,0.03443299464729769,2.851263749995269,3,10.052878724079179,1.2766312112900358,0.3255817309495368,30.876667111390578,0.10600346352809657,1.629787249639864,101.06037064104382,953.3685719076286,2.859884041387732,5.453729967917307,8.50382612188014,0.8590297317795819,0.10821895888378516,0.6924091268149656,0.3462045634074828,0.5806639905079006,0.2903319952539503,3.0398231931868676,1.8238939159121204
121,0.65,0.375,1.1,0.028937597714611896,2.845841499976814,3,9.315214458462373,0.878645427107895,0.3498827306530909,26.623818903764125,0.12241792520926335,0.7720177865776151,86.77322040714644,708.827733020428,2.10423589195632,6.063392121666005,7.098010093465432,0.7219313062298334,0.12641650997841608,0.9894918754658114,0.4947459377329057,0.7655822842313645,0.38279114211568227,2.812536075915888,1.6875216455495328
122,0.675,0.375,1.1,0.023293881475104698,2.765718708978966,3,8.280454719516792,1.2407252684970944,0.1797065927178684,46.07763462811155,0.03229445946626583,1.539399191887187,68.56593036196792,2123.1484129217442,1.226328377556161,6.0453210475980095,5.766628331230323,0.5811326305083651,0.03511390740851355,1.3885211996225153,0.6942605998112577,1.1056747991149205,0.5528373995574603,5.336548001438819,3.2019288008632913
123,0.7,0.375,1.1,0.018496747058464894,2.7035566250560805,3,6.9727035450302965,1.8088574184262498,0.09446493442458379,73.81261192317838,0.008923623835840914,3.271965160195677,48.618594726878065,5448.301678921735,0.3503436808337348,5.390379671746338,4.757136783273497,0.46145436454725713,0.00934661380131587,1.7705087326702074,0.8852543663351037,1.50431759202191,0.752158796010955,10.34362699497589,6.206176196985534
124,0.7250000000000001,0.375,1.1,0.015275037070331031,2.692662624991499,3,5.601489757390019,2.300900713279432,0.05866876307801981,95.47652726103938,0.003442023761104821,5.294144092369798,31.376687502145295,9115.767257827996,-0.5590291755107382,4.314050925113956,4.232967823008469,0.3810795759084358,0.003534855021254488,2.0726998406636903,1.0363499203318451,1.8853109003030475,0.9426554501515237,16.819543206624424,10.091725923974654
125,0.75,0.375,1.1,0.013671270092673613,2.675499167002272,3,4.583508060376935,2.43453695458213,0.039457959398326574,116.16181197072555,0.0015569305598799885,5.9269701832260315,21.00854613954033,13493.566560322199,-1.6405965197008943,3.1124727297782475,4.139234070265243,0.3410690124716556,0.0015835512502676014,2.3839165430539024,1.1919582715269512,2.308815922008682,1.154407961004341,25.129505248133263,15.077703148879957
126,0.25,0.4,1.1,0.08477816042439934,2.9110945420106873,3,16.10801589789481,9.043156893055846,1.7787061161838822,9.056029971074528,3.1637954477499504,81.77868659242345,259.46817616683194,82.01167883700012,11.114423112369971,11.512125524596383,14.40167540786657,2.115034174521142,3.1991093053282422,0.11500457611830942,0.05750228805915471,0.07965653512931524,0.03982826756465762,0.5590948095976241,0.33545688575857446
127,0.275,0.4,1.1,0.07721553900979852,2.90068441699259,3,15.120179882219666,9.225890868864775,1.359912058636115,11.118498278031316,1.8493608072239165,85.11706232420244,228.61983967068034,123.62100395858533,10.49092811791408,11.407559627563895,13.481208109257224,1.9263629098844222,1.8827924621493186,0.1357918706451777,0.06789593532258885,0.08534957404600968,0.04267478702300484,0.7287839079341407,0.43727034476048443
128,0.3,0.4,1.1,0.06805261146506127,2.9250885829678737,3,14.073393668603146,9.668224780694194,1.018029363587967,13.824152988085277,1.036383785127321,93.4745704100293,198.0604093514791,191.1072058379871,9.861999031177696,11.828481437946536,12.238299563160211,1.6977674225706538,1.0535924544996218,0.1499001729199156,0.0749500864599578,0.09506271775965774,0.04753135887982887,0.9742348796316574,0.5845409277789945
129,0.325,0.4,1.1,0.058092371225723215,2.8796296670334414,3,13.469956753814733,9.541357358486517,0.8516661599726157,15.816005598071248,0.7253352480425012,91.03750024234479,181.43973494963913,250.14603307822105,9.391073752015485,12.311238379236444,10.933232161874127,1.4492806850997886,0.7341439704798167,0.14424443443120574,0.07212221721560287,0.11059695149129346,0.05529847574564673,1.1671035279510065,0.7002621167706039
130,0.35,0.4,1.1,0.048932976362232136,3.0368784579914063,3,13.109406225064419,8.818402268125281,0.7618963422629361,17.206285813274405,0.5804860363536412,77.7642185624771,171.85653157375774,296.05627148808804,8.956451887077726,12.256383281569653,9.924314460104382,1.2207733306438917,0.5863556113432065,0.13239447939329085,0.06619723969664543,0.13562639886363884,0.06781319943181942,1.3059286724444221,0.7835572034666533
131,0.375,0.4,1.1,0.04264680469335215,2.936985000036657,3,12.541448886972095,8.065751020042393,0.6486919798038777,19.333442184322696,0.4208012846618745,65.05633951731491,157.2879401845336,373.7819866945483,8.367737231132278,11.42882802230921,9.540177582644525,1.0639467630464035,0.4254428267041206,0.1313942261551408,0.0656971130775704,0.1743305021350897,0.08716525106754484,1.533131466166433,0.9198788796998598
132,0.4,0.4,1.1,0.040663315988648606,2.9254430839791894,3,12.032914882637492,7.288816671126651,0.5137104481046975,23.423535431354722,0.2638984244919291,53.12684846529379,144.79104057279883,548.66201210393,7.615783019234469,10.012401018962432,9.84400722344632,1.0144629528973774,0.26708500046858163,0.14187856733995335,0.07093928366997668,0.22541120867067474,0.11270560433533737,1.934974520539875,1.160984712323925
133,0.42500000000000004,0.4,1.1,0.04246820172228608,2.965048541955184,3,11.978988130545924,6.335489301159843,0.4072381733512072,29.41518972047617,0.1658429298344279,40.138424685110834,143.49615663176013,865.253386291607,6.861928204494602,8.41869424531644,10.573716956270777,1.0594910000812159,0.16766356894841072,0.15315261386909598,0.07657630693454799,0.2718525359506695,0.13592626797533475,2.4421967376435343,1.4653180425861205
134,0.45,0.4,1.1,0.046163618675790746,2.796293583000079,3,12.198034629839265,5.599752760453303,0.32852949022443,37.12919233371214,0.10793162594712385,31.35723097820438,148.79204883075795,1378.5769233537883,6.221737233960788,7.062692469006935,11.359982879608763,1.1516837665512671,0.10893403322562933,0.16725642022956513,0.08362821011478257,0.30966758881141787,0.15483379440570894,3.0298296289241455,1.8178977773544873
135,0.475,0.4,1.1,0.050051157544552694,2.8788665829924867,3,12.340587160050527,5.434160903605478,0.24854065610258172,49.65218710518379,0.061772457735901794,29.530104726274303,152.29009145480393,2465.33968432818,5.626899759018491,6.188708517806385,11.917326874698228,1.2486695647928185,0.06238621391443444,0.21371872229491884,0.10685936114745942,0.3924494157865651,0.19622470789328256,4.003646134045952,2.4021876804275712
136,0.5,0.4,1.1,0.053136639541407536,2.823285999998916,3,12.244777312417321,5.572753073146679,0.19309501480838587,63.41322340490349,0.03728568474385076,31.05557681426575,149.93457143068997,4021.2369026001998,5.156831595246644,5.749424492139021,12.09190701539996,1.3256457557781993,0.037745293748579656,0.2883307941394408,0.1441653970697204,0.5313292401796381,0.26566462008981906,5.147170982652915,3.088302589591749
137,0.525,0.4,1.1,0.05488494608560981,2.8143776250071824,3,11.92129777100322,5.482810293591507,0.18564152146433724,64.21676399206503,0.03446277449159398,30.06120871551299,142.11734054492632,4123.792777612579,4.992013114119484,5.482422517053677,11.844035469693411,1.3692622729332766,0.03499420701237913,0.32847541478144227,0.16423770739072113,0.6107895526392816,0.3053947763196408,5.345667247758216,3.2074003486549296
138,0.55,0.4,1.1,0.05493253400271805,2.8870635830098763,3,11.475920452924274,4.843950470119905,0.21073288542975013,54.45718844271168,0.0444083490015482,23.46385615697485,131.69675024184568,2965.585373085011,4.921635347623639,5.260903470023305,11.209361160321986,1.3704494899060726,0.04527380733801632,0.3337203333673748,0.1668601666836874,0.6077041918582198,0.3038520959291099,4.699768767438097,2.819861260462858
139,0.575,0.4,1.1,0.05297641929882729,2.9556279169628397,3,11.031221956042966,3.7046226570594127,0.25374589136428477,43.473499794352264,0.0643869773842554,13.724229031197943,121.68785784348441,1889.9451843695463,4.67777815618128,5.344955187450147,10.254812180986537,1.3216486026575034,0.06599655149833165,0.34735438362918253,0.17367719181459126,0.5824178738334617,0.29120893691673083,3.892596416266604,2.3355578497599625
140,0.6000000000000001,0.4,1.1,0.0488637765487576,3.013595541007817,3,10.663681891572905,2.4179830970187792,0.3131758398931192,34.050142230678496,0.09807910669276063,5.8466422574685275,113.71411148465988,1159.412185929435,4.177574113213025,6.01855681146473,9.052609088368115,1.219046942979469,0.10100833494571813,0.3986084415763029,0.19930422078815144,0.5626917172537387,0.28134585862686934,3.1464540509908248,1.8878724305944947
141,0.625,0.4,1.1,0.04277869054216554,2.84951579204062,3,10.329559959980926,1.4446578398522647,0.3713365531424386,27.81724522556948,0.13789083569970711,2.0870362742466115,106.69980896684116,773.799131939468,3.4244714244005383,6.978079990317026,7.687141265764866,1.0672370335120478,0.14002656953679762,0.5196209133717652,0.2598104566858826,0.5736953055238475,0.28684765276192375,2.672358847809005,1.6034153086854028
142,0.65,0.4,1.1,0.035347012041182534,2.7908875409630127,3,9.821322392330696,1.20289705395419,0.2881645401600537,34.08234193865661,0.08303880220565521,1.4469613224116697,96.45837353409635,1161.6060320235113,2.4501299867570308,7.601774140778158,6.278835480133793,0.8818325151201934,0.08539033123804268,0.7546704916656045,0.37733524583280226,0.6808658116474334,0.3404329058237167,3.4221232814992635,2.053273968899558
143,0.675,0.4,1.1,0.02754561014489331,2.785392875026446,3,8.902465345599099,1.5069208106955816,0.14276802365735905,62.356157335096775,0.020382708579028234,2.270810329707429,79.25388922959289,3888.290357599343,1.2997248719994698,7.492935176247207,4.992870428694324,0.6872041870552105,0.02117987453553774,1.152407587913068,0.576203793956534,0.9856500590312064,0.4928250295156032,6.871290479217753,4.1227742875306514
144,0.7,0.4,1.1,0.020450383436526186,2.7356349999899976,3,7.522221856172998,1.9272846099050243,0.0697845914076409,107.79201689714802,0.004869889197931388,3.7144259675767617,56.58382165348675,11619.118906755044,0.023263162482680677,6.6301173721797895,4.010531612225018,0.5101934228554645,0.004995483581984242,1.742609382225344,0.871304691112672,1.5533405906400901,0.7766702953200451,14.148527133677861,8.489116280206716
145,0.7250000000000001,0.4,1.1,0.014942393134999087,2.7300695000449196,3,5.867744017566613,2.3214023256369356,0.03731901493599474,157.23201771617738,0.0013927088757929983,5.388908757472573,34.430419855688775,24721.90739510032,-1.353221217539625,5.272104371577176,3.4477052190914765,0.37278081962907883,0.0014161374965332117,2.5219000703752186,1.2609500351876093,2.394506176063441,1.1972530880317205,26.573410037374224,15.944046022424534
146,0.75,0.4,1.1,0.011428294948777567,2.7360505830147304,3,4.2699062459485155,2.5923345745578428,0.021764035227369936,196.19092697381697,0.00047367322937819957,6.720198546447992,18.232099349190143,38490.87982684559,-2.846691422709603,3.7796156107189836,3.2536116543075746,0.2851115694439548,0.00047919245561799985,3.4874476610967697,1.7437238305483849,3.5152821036740107,1.7576410518370054,45.68198996220587,27.409193977323522
147,0.25,0.42500000000000004,1.1,0.08144938958591451,2.789499083010014,3,15.349934321014823,7.589427960879162,1.8037278421231648,8.510116638742153,3.2534341284502886,57.59941677337443,235.6204836594688,72.42208520499604,10.695445926096516,10.481163084914929,13.508870341498927,2.031988446148405,3.282438127950874,0.1270582562346978,0.0635291281173489,0.0904297201911196,0.0452148600955598,0.5519525265793537,0.3311715159476122
148,0.275,0.42500000000000004,1.1,0.07536868832143803,2.8765250829746947,3,14.362132095126277,7.891540252226899,1.4307544022410235,10.038153349471118,2.0470581595320683,62.27640755251739,206.27083831785632,100.76452266749823,10.177176435838254,10.523615117003194,12.50249359975932,1.8802879266391361,2.085999901847103,0.14354496123260463,0.07177248061630231,0.09705556095944706,0.04852778047972353,0.6923773595253536,0.41542641571521216
149,0.3,0.42500000000000004,1.1,0.06767253055514473,2.9303597080288455,3,13.664311331214726,8.508431573245057,1.145476624123381,11.928930755502632,1.3121166964130972,72.39340783659335,186.71340415636317,142.2993889695766,9.78333171839921,11.344842094151232,11.351791910571418,1.6882852150123344,1.3349596382998534,0.14384151377695248,0.07192075688847624,0.10733056193658592,0.05366528096829296,0.8654977284202623,0.5192986370521574
150,0.325,0.42500000000000004,1.1,0.05935390694897875,2.9681514159892686,3,13.575382348037595,8.53102406943492,1.0131309304683411,13.399435294865677,1.0264342822716466,72.77837167327795,184.2910058954107,179.54486622129204,9.530025814971218,12.25007234033961,10.287803902921913,1.480753309107052,1.039970084529499,0.12883336263995052,0.06441668131997526,0.12348637037466037,0.061743185187330185,0.9805947791357025,0.5883568674814215
151,0.35,0.42500000000000004,1.1,0.05230427312482512,2.985113958013244,3,13.602130404513142,8.049175832055544,0.912097240196423,14.913026599646196,0.8319213755739314,64.78923157534706,185.01795154138085,222.39836236175498,9.207574922747142,12.532896974996794,9.584512826322516,1.3048799900670482,0.8425628983286273,0.11737522830594722,0.05868761415297361,0.14914508706953933,0.07457254353476966,1.0894287555487137,0.6536572533292282
152,0.375,0.42500000000000004,1.1,0.04865378728810709,2.9174115830101073,3,13.276326149717482,7.529293006362354,0.7751344650951215,17.127771693248427,0.6008334389783001,56.690253175657055,176.26083603367223,293.3605631760421,8.700129692477208,11.959503488093642,9.436570813571757,1.213808159071739,0.6100012117799631,0.11693197043763608,0.05846598521881804,0.18615532496351855,0.09307766248175928,1.280367527588841,0.7682205165533046
153,0.4,0.42500000000000004,1.1,0.04929281614823069,2.9366392500232905,3,12.772106296122981,7.008542447619752,0.6282098565210055,20.33095495644443,0.3946476238301423,49.119667240087864,163.1266992394643,413.34772944097233,8.059024700403349,10.723730949601359,9.804607191058013,1.2297505653577534,0.4011851939385279,0.12389707127389656,0.06194853563694828,0.22897552003774896,0.11448776001887448,1.5788015775397937,0.9472809465238762
154,0.42500000000000004,0.42500000000000004,1.1,0.05307086548379704,2.6425647090072744,3,12.394345658513902,6.460810391822075,0.5144148650393735,24.094065900613572,0.26462265337347685,41.74207091907611,153.61980430272243,580.5240116231097,7.43653984450941,9.22466133754959,10.4297234998725,1.3240048334115575,0.2686286951615445,0.13309562602918443,0.06654781301459221,0.262882567480434,0.131441283740217,1.9294067729478124,1.1576440637686873
155,0.45,0.42500000000000004,1.1,0.05797259879848543,2.659777583030518,3,12.11003613145026,6.194849213606876,0.42333505901776025,28.606267951320813,0.17921257219357056,38.376156779325726,146.65297510503078,818.3185661027643,6.916322808297739,7.879879609384168,11.001094466433694,1.446292618650773,0.18177394457958485,0.15475174969461425,0.07737587484730712,0.2958981682869486,0.1479490841434743,2.3454932321649475,1.4072959392989686
156,0.475,0.42500000000000004,1.1,0.06241113940546237,2.8427384580136277,3,11.738177006703653,6.400392497747475,0.35127092240537156,33.416307066707994,0.12339126092752056,40.965024125222165,137.78479944070634,1116.6495779765187,6.54601668708071,7.012856177621,11.281344646605117,1.5570247343485109,0.1254915970950928,0.1985963349974252,0.0992981674987126,0.3575875799803242,0.1787937899901621,2.8228816898812923,1.6937290139287753
157,0.5,0.42500000000000004,1.1,0.06547756616918604,2.9195142919779755,3,11.266631673216104,6.680101687014847,0.34200501655485155,32.94288424979619,0.11696743134868429,44.62375854885861,126.9369892599163,1085.2336226954696,6.496097488380219,6.691114427848145,11.146223453281566,1.6335255379337161,0.1195659091469908,0.22838254789672396,0.11419127394836198,0.40488188580724555,0.20244094290362277,2.8919868560075104,1.735192113604506
158,0.525,0.42500000000000004,1.1,0.06671664596972388,3.034226459043566,3,10.868064603440407,6.390610404687555,0.39704635285779094,27.372281662370522,0.15764580631767344,40.83990134450084,118.1148282245543,749.2418034041456,6.633912354907936,6.66012182459237,10.582287041034585,1.6644379345931515,0.16225701142126242,0.22758302676928885,0.11379151338464442,0.4017838624372587,0.20089193121862936,2.4825514835707203,1.4895308901424322
159,0.55,0.42500000000000004,1.1,0.06586920425904513,2.8560431249788962,3,10.598962037618112,5.31083756481676,0.4853334896023183,21.838513650279705,0.2355485961295636,28.204995639868812,112.33799627486987,476.920678453453,6.61517322947107,6.688793228709621,9.661167821368743,1.6432960724670147,0.24458386734806734,0.22573415096732571,0.11286707548366286,0.3875975455834217,0.19379877279171084,2.022023022571085,1.213213813542651
160,0.575,0.42500000000000004,1.1,0.06273789239579249,2.8486308330320753,3,10.37026288254394,3.8161613140656057,0.5819517987598015,17.819796939616005,0.33866789607976855,14.56308717497093,107.54235225306856,317.54516296914795,6.273639486606797,6.912643674039751,8.497628328434612,1.5651765241221467,0.35409444240480525,0.24069285364789905,0.12034642682394953,0.3855803860404477,0.19279019302022385,1.680507460267976,1.0083044761607856
161,0.6000000000000001,0.42500000000000004,1.1,0.05724949938491023,2.836498958989978,3,10.229480409057592,2.523443910864325,0.6259870791936165,16.341360307683978,0.39185982331735514,6.3677691712782405,104.64226943929307,267.0400567055494,5.564945678474844,7.57464168432561,7.21018693497969,1.4282528314740812,0.4038060969813766,0.28371608770380985,0.14185804385190492,0.40199411760000514,0.20099705880000257,1.5736696317820198,0.9442017790692119
162,0.625,0.42500000000000004,1.1,0.04964687406203751,2.98442975000944,3,10.195358739608926,1.931599767531276,0.48336627878786936,21.092407946155614,0.23364295946923225,3.731077661926879,103.9453398293201,444.8896729670485,4.506601148647645,8.456142481443074,5.905050851794374,1.2385835546997306,0.2367362285349342,0.3724791454951592,0.1862395727475796,0.4413876643013752,0.2206938321506876,2.0552641065801236,1.2331584639480742
163,0.65,0.42500000000000004,1.1,0.04061552654949359,2.813927708019037,3,10.009041519337734,1.8187574132236615,0.270960484635446,36.939118753068506,0.07341958423387575,3.3078785281560243,100.1809121358266,1364.4984942532974,3.1917201649395004,8.977500522888205,4.684012924971325,1.01327070837959,0.07475182295643404,0.5339200649893143,0.26696003249465716,0.5195803861129185,0.25979019305645923,3.65754018116346,2.194524108698076
164,0.675,0.42500000000000004,1.1,0.031195648556105026,2.78807249997044,3,9.307901393068663,1.821599130672749,0.14407320548197128,64.6053606007497,0.02075708853785032,3.318223392867715,86.63702834308955,4173.852618352902,1.7862893459099736,8.718456107746933,3.654974108814855,0.7782648557390028,0.021101460355788783,0.7884295566053833,0.39421477830269164,0.6910250328667182,0.3455125164333591,6.884045685892255,4.130427411535353
165,0.7,0.42500000000000004,1.1,0.02250580530136955,2.7380509579670615,3,7.9823344205547775,1.8973813518175913,0.07931366565300242,100.6426112679941,0.006290657559316256,3.60005599422515,63.717662801573574,10128.935202840572,0.3667215311628622,7.647767522659832,2.9189742679959316,0.5614718118348803,0.006375795978898384,1.1526651639004866,0.5763325819502433,1.0428626581203049,0.5214313290601524,12.523703994804135,7.514222396882481
166,0.7250000000000001,0.42500000000000004,1.1,0.015436347202736294,2.808904666977469,3,6.2399108664408915,2.0307102610199945,0.04368046105381793,142.85359439665268,0.0019079826778741053,4.123784164211894,38.93648762112712,20407.14943204336,-1.1830057602993387,6.048546288743476,2.515742938411108,0.3851039194542935,0.0019281950700484507,1.71603727895485,0.858018639477425,1.6785234565436948,0.8392617282718474,22.773223894936027,13.663934336961615
167,0.75,0.42500000000000004,1.1,0.010452125037524372,2.6990733750280924,3,4.431985810392895,2.1677271477545963,0.023330903484363036,189.96203097592533,0.0005443310573966633,4.699040987112277,19.642498223523965,36085.57321249841,-2.990898996587707,4.320658649835401,2.367698783084815,0.2607582134368863,0.0005487731048081287,2.684351363287462,1.342175681643731,2.8157654152328377,1.4078827076164189,42.68778206638491,25.612669239830947
168,0.25,0.45,1.1,0.07773244982904744,2.73864512500586,3,13.954009257293787,6.187304586055168,1.794540074322863,7.775813678922204,3.2203740783507064,38.282738040619314,194.7143743526407,60.46327836931366,10.086030354762116,9.354371862368001,12.039621634578126,1.9392587316670373,3.2325522397605235,0.14314070219973113,0.07157035109986556,0.10926000991560023,0.05463000495780011,0.5561951838959348,0.33371711033756085
169,0.275,0.45,1.1,0.07313961229107713,2.802064749994315,3,13.36344043663385,6.387895784605051,1.5371051224733177,8.693901439304991,2.3626921575337128,40.80521255497497,178.58154030346068,75.5839222363494,9.753656850887605,9.749324026794477,11.107235435423439,1.8246772368315474,2.397376427297715,0.1506599186452911,0.07532995932264555,0.11632409998048998,0.05816204999024499,0.6458503282459137,0.38751019694754824
170,0.3,0.45,1.1,0.0670191125197215,2.6997788330190815,3,13.32949719293202,6.94916561234649,1.3184601310761919,10.109897810904476,1.738337117237449,48.290902707818965,177.6754954163826,102.21003374693112,9.610130996746914,10.999749994056765,10.193856256762734,1.6719838295110399,1.7656311214714355,0.13893281009709574,0.06946640504854787,0.1261999960358867,0.06309999801794335,0.7525753901080078,0.4515452340648046
171,0.325,0.45,1.1,0.060595104599002865,2.7413140410208143,3,13.747875567430558,7.092546917762353,1.2062612324836233,11.397096414285373,1.4550661609929099,50.30422178066025,189.0040826175541,129.8938066765165,9.534908992644548,12.235340190366779,9.422023563768636,1.5117185415913932,1.4748851896353123,0.12056694833804846,0.06028347416902423,0.14095618145863395,0.07047809072931698,0.8234190166696685,0.4940514100018011
172,0.35,0.45,1.1,0.055910895271004346,2.8541120829759166,3,13.97479006737379,6.9017290736580765,1.1073660962161296,12.619846422177503,1.2262596710489504,47.63386420617717,195.29475742716915,159.2605237193463,9.34202255357581,12.755910867345966,8.91605247628736,1.3948575155944642,1.2448425293550733,0.10909874322474798,0.05454937161237399,0.16243430269826814,0.08121715134913407,0.8962781134127826,0.5377668680476696
173,0.375,0.45,1.1,0.05484497699521813,2.8694616249995306,3,13.639250280995613,6.6590996963316496,0.9779955023022995,13.94612781846895,0.956475202523527,44.343608765684266,186.0291482276389,194.4944811290735,8.973371546042168,12.366617270232261,8.747791722659649,1.368265129427453,0.9746246455198714,0.10635563183912883,0.053177815919564414,0.18995928188732664,0.09497964094366332,1.012934365059157,0.6077606190354942
174,0.4,0.45,1.1,0.05766305006178031,2.6607514579663984,3,12.850341873608018,6.456277543615267,0.8355994316627936,15.378590969164012,0.6982264101951837,41.68351972019078,165.13128626860362,236.5010601968529,8.47763481310706,11.256535283410173,8.873215992934522,1.4385700382888775,0.7131245170911765,0.11049802520752838,0.05524901260376419,0.21853331998168932,0.10926665999084466,1.1841788937815858,0.7105073362689515
175,0.42500000000000004,0.45,1.1,0.06286014373447803,2.7028445420437492,3,11.86445009880116,6.365797677168784,0.7120272697336486,16.662915316767787,0.506982832844354,40.52338006664748,140.76517614694288,277.65274685377454,7.969694041543105,9.79044274885614,9.136927036981719,1.5682264341214494,0.5179425403030169,0.1231336033109805,0.06156680165549025,0.2415709753294911,0.12078548766474555,1.389502104073167,0.8337012624439002
176,0.45,0.45,1.1,0.06846683998547325,2.8655361250275746,3,10.813429707976963,6.585924704720298,0.6278774181614319,17.222198784662694,0.39423005223706564,43.37440421624514,116.93026204935876,296.6041309784372,7.600626557598349,8.392424126958257,9.346042088482031,1.7081015401352109,0.40373525699691326,0.14946704720368964,0.07473352360184482,0.26265210758055463,0.13132605379027731,1.5738076849253946,0.9442846109552367
177,0.475,0.45,1.1,0.0729995731143171,2.8942899579997174,3,9.775815111463544,7.139240321811281,0.6342417406514714,15.4133896981018,0.40226258558460837,50.96875237257604,95.56656109351898,237.57258198555073,7.580385520252306,7.5028681839694995,9.344936356812504,1.8211835582339395,0.4149209638681054,0.17230707265247586,0.08615353632623793,0.2761066342224038,0.1380533171112019,1.5524488892412363,0.9314693335447417
178,0.5,0.45,1.1,0.07561638650962198,2.8088834999944083,3,9.306576277092915,7.224096899556795,0.7690377757673774,12.10158534514957,0.5914191005572351,52.18757601418609,86.61236200134863,146.44836786593882,7.891056637936685,7.33865859986126,9.054097832675435,1.8864674678128681,0.6159404014893635,0.16989875763202014,0.08494937881601007,0.2629760213215842,0.1314880106607921,1.2741796190522319,0.7645077714313391
179,0.525,0.45,1.1,0.07595522121608093,2.8209846660029143,3,9.713242855660942,6.183035552836805,0.9906331526860386,9.805085595332747,0.9813540432006802,38.22992864764394,94.34708677304833,96.13970353180173,8.171777091619113,7.625506255762455,8.474626803539952,1.8949206706199015,1.0292634949640602,0.16065540406519674,0.08032770203259837,0.24161590150627812,0.12080795075313906,0.9856817487435036,0.5914090492461022
180,0.55,0.45,1.1,0.07390478439381627,2.767540583969094,3,10.000809898982505,4.919612168168292,1.2128890118678564,8.245445214794383,1.471099755109785,24.20258388518952,100.01619863558646,67.9873667901756,8.177801812610356,7.970084592999881,7.666039290580246,1.8437666478140695,1.531121948054177,0.16064008117334178,0.08032004058667089,0.22838292591813508,0.11419146295906754,0.8081558276711158,0.48489349660266945
181,0.575,0.45,1.1,0.06943612864633018,2.822482458956074,3,9.995136282503976,4.033029274883958,1.235828610001676,8.087801335567415,1.5272723532986745,16.265325132071027,99.9027493058274,65.41253044360606,7.8167161240024905,8.34679739445627,6.7101054298888405,1.732283223630412,1.553829886918261,0.1760302514893676,0.0880151257446838,0.22736432556751052,0.11368216278375526,0.8022288288651508,0.4813372973190905
182,0.6000000000000001,0.45,1.1,0.06261272407631327,2.959180249948986,3,9.983750650904307,3.762753873545946,0.9044814111184906,11.0380937940541,0.8180866230588959,14.15831671288502,99.67527705943218,121.83951460633565,7.0514328260562475,8.940018552837767,5.682229885000602,1.5620538416772733,0.8337358380823409,0.21384805037379612,0.10692402518689806,0.24057270298428873,0.12028635149214437,1.0951806576906304,0.6571083946143782
183,0.625,0.45,1.1,0.053759320558193435,2.824639416008722,3,10.151482653293952,3.572598223941045,0.5195646660037172,19.53843923101061,0.2699474421595542,12.76345806970671,103.05260006012801,381.75060758389446,5.872297790269914,9.627802234543308,4.6467908343743245,1.3411803182614475,0.27504684808039487,0.28776148841985444,0.14388074420992722,0.27189394969872377,0.13594697484936188,1.9067627705430399,1.1440576623258238
184,0.65,0.45,1.1,0.04359940275832222,2.699950209003873,3,10.176300687111006,3.1286846617672475,0.2719154132055993,37.424508479100275,0.0739379919387718,9.788667712777636,103.55709567449593,1400.5938349022483,4.316819986549254,9.93795435334697,3.670646692666834,1.087712051794218,0.07489971015175191,0.4204522702896423,0.21022613514482116,0.3296899266690125,0.16484496333450624,3.65392754620616,2.1923565277236956
185,0.675,0.45,1.1,0.033184346846879945,2.7599669590126723,3,9.590551521143157,2.5692702542365318,0.14472500992386134,66.26740966325495,0.020945328497461762,6.601149639304652,91.97867847970132,4391.369583477655,2.54296097527781,9.48110948647217,2.8326583487057175,0.8278786339425481,0.021128793370567125,0.6236284581648807,0.31181422908244033,0.43360337421396156,0.21680168710698078,6.879591512578654,4.127754907547192
186,0.7,0.45,1.1,0.023620688555308317,2.783702249987982,3,8.278665797340361,2.091099843976483,0.08688888821940091,95.27876310761525,0.007549678896003546,4.372698557478472,68.53630738405312,9078.042699317064,0.816493730091711,8.226761479950122,2.2112651252292244,0.5892857697089082,0.0075998566179710444,0.8504462467667159,0.42522312338335794,0.6281388772002999,0.31406943860014996,11.47089489931375,6.88253693958825
187,0.7250000000000001,0.45,1.1,0.01575838157180641,2.807603416033089,3,6.487088582794045,1.7958661855873985,0.055657110793050864,116.55453347039348,0.003097713981829939,3.2251353565362324,42.08231828101685,13584.959272501073,-0.8664882852115188,6.462180550435555,1.8428826349400882,0.39313798969766744,0.003115993200825455,1.1173204424668735,0.5586602212334367,0.9895252173502527,0.49476260867512634,17.91437864227801,10.748627185366805
188,0.75,0.45,1.1,0.010008117195058862,2.8898292079684325,3,4.606677789986701,1.6643581857967789,0.03286329274210208,140.17700009971787,0.0010799960098530994,2.7700881706287452,21.22148026075676,19649.591356956305,-2.756904893624518,4.595442226937574,1.6769670485578148,0.24968116534019646,0.00108587316889731,1.619441339679443,0.8097206698397215,1.672427377393047,0.8362136886965235,30.346628555193888,18.207977133116334
189,0.25,0.475,1.1,0.07306204742890171,2.9669174579903483,3,12.911194316952935,5.4660247693574044,1.6417426859806212,7.864322726823061,2.6953190469708646,29.877426779228667,166.69893869011776,61.8475719516257,9.504809243336867,8.374455938195455,11.216852645780222,1.8227421590541841,2.71129256576454,0.15952536963634759,0.07976268481817379,0.1273043502331871,0.06365217511659355,0.6073119242821781,0.3643871545693068
190,0.275,0.475,1.1,0.06986662034944582,2.915347333007958,3,12.965325054591007,5.479602059777834,1.5917606563657942,8.145272973508847,2.533701987154064,30.02603873352148,168.0996537712053,66.34547181297366,9.456303413023429,9.184291931667598,10.642840164784008,1.7430230728955922,2.5440866014909953,0.154744577891112,0.077372288945556,0.1300708338695543,0.06503541693477714,0.6269516571332694,0.37617099427996165
191,0.3,0.475,1.1,0.06544149085317734,2.940028582990635,3,13.402504174302166,6.051879891498845,1.4844278867835148,9.028733759066569,2.2035261510605713,36.62525022112807,179.627118142187,81.51803329210833,9.581679908837401,10.702010734368814,10.062673333449727,1.6326255357889057,2.21725544038314,0.13400197757755627,0.06700098878877814,0.13313217620900092,0.06656608810450046,0.6715713114133662,0.4029427868480197
192,0.325,0.475,1.1,0.061151734989028365,2.90707245800877,3,13.888742115547279,6.488246454620252,1.4206075263615017,9.776621521300468,2.0181257439549447,42.09734205589227,192.8971575521767,95.58232837075548,9.704311020257313,12.0593857911909,9.447558849517257,1.5256052818979478,2.029847423484788,0.1125750416888085,0.05628752084440425,0.1382998051740918,0.0691499025870459,0.7018887841162809,0.4211332704697685
193,0.35,0.475,1.1,0.05891206953991744,2.8669258339796215,3,13.960371059130466,6.604515107638366,1.367999426162226,10.204953885320533,1.8714224299801794,43.61961980702342,194.8919601086075,104.14108380151865,9.67465119846354,12.671619736171579,8.812091019346362,1.4697304086917988,1.8837566153682461,0.09899861450134678,0.04949930725067339,0.14749421460946832,0.07374710730473416,0.7285973792505445,0.4371584275503267
194,0.375,0.475,1.1,0.060084497998079675,2.7849797909730114,3,13.397515075960165,6.497960465208536,1.2877063076585162,10.404169798873905,1.6581875347835293,42.22349020741313,179.4934102105799,108.24674920379988,9.438840360851017,12.394973874472395,8.215398321062143,1.4989799966019484,1.674712444602197,0.09502863572980953,0.047514317864904766,0.1617867540026319,0.08089337700131595,0.7727337416134149,0.4636402449680489
195,0.4,0.475,1.1,0.0644209433166301,2.7926837090053596,3,12.270548875321472,6.335097343908852,1.1729981298401388,10.46084265879755,1.3759246126084632,40.133458356800986,150.56636970165303,109.42922913211858,9.025740291740927,11.388932370783492,7.732075569860787,1.6071650527386088,1.3978632953509793,0.10189630246871244,0.05094815123435622,0.18050503413751648,0.09025251706875824,0.8457999385649829,0.5074799631389897
196,0.42500000000000004,0.475,1.1,0.07034914190151771,2.6119286670000292,3,10.780013455260416,6.318433075684662,1.0696829135103683,10.077765400480923,1.14422153545603,39.92259653190594,116.20869009559561,101.56135546713041,8.577054644094378,9.960441860453752,7.415178160281578,1.7550609558534933,1.1717603453851007,0.12119338729447557,0.060596693647237784,0.19876026856714704,0.09938013428357352,0.9238056237354609,0.5542833742412765
197,0.45,0.475,1.1,0.07607203825083111,2.6360663329833187,3,9.1593761045566,6.651635473103296,1.0818736132980353,8.466216378671737,1.1704505151505469,44.244254467046105,83.89417062472243,71.67681977048957,8.376670381870257,8.531262513757262,7.274933526638858,1.8978350063335567,1.2107906009471319,0.14432312779502612,0.07216156389751306,0.20532328238260583,0.10266164119130292,0.9087940594551597,0.5452764356730958
198,0.475,0.475,1.1,0.08023564901738692,2.9529820409952663,3,7.718481793916927,7.373415459535941,1.3053657257386446,5.912888351308139,1.7039796779331784,54.367255538923615,59.57496120302706,34.96224865503548,8.61596392639077,7.654283225115984,7.283632951667178,2.001708209250275,1.7757826350526908,0.1488044138637381,0.07440220693186905,0.19174389234520337,0.09587194617260168,0.7504212049803326,0.4502527229881995
199,0.5,0.475,1.1,0.08207369319408982,2.922081208031159,3,8.441989397493442,6.6121038013094084,1.652748538627769,5.107848653433142,2.731577731936226,43.71991667929033,71.26718498739169,26.090117866378762,9.04911910644768,7.676959455912452,7.388535488859046,2.04756348882399,2.817783875015129,0.13856136153350368,0.06928068076675184,0.1700155758536382,0.0850077879268191,0.5957254585634079,0.3574352751380447
200,0.525,0.475,1.1,0.08131961341516143,2.8293961670133285,3,9.33128570912242,6.205131834488277,1.8466604848572767,5.0530597181450005,3.4101549463333125,38.50366108337985,87.07289298527232,25.53341251513963,9.344256677177311,8.274628139802518,7.510087104917042,2.0287508076480276,3.4462626381127257,0.13095026965732592,0.06547513482866296,0.1529071939799155,0.07645359698995775,0.5386737519527075,0.3232042511716245
201,0.55,0.475,1.1,0.07801080444450191,2.9023182920063846,3,9.808974570854406,6.372207776456758,1.7050629691753016,5.752851799719029,2.9072397288528955,40.60503194633598,96.21598213166838,33.09530382953047,9.337691561032699,8.896043313246501,7.536641209886589,1.9462030852762076,2.935941448637407,0.13320763019629767,0.06660381509814883,0.14366327011906171,0.07183163505953086,0.5836148109859337,0.3501688865915602
202,0.575,0.475,1.1,0.07229570557454587,2.738722333975602,3,9.915694947756307,6.721853594208124,1.3231577121846803,7.493963007164425,1.7507463313137972,45.18331574196867,98.32100629695996,56.15948155274888,8.95900777012229,9.383875714840036,7.3447183045708195,1.8036235652652344,1.7828970152632637,0.14908618234968404,0.07454309117484202,0.142745308798982,0.071372654399491,0.7489224873659603,0.4493534924195762
203,0.6000000000000001,0.475,1.1,0.06438962579816108,2.761278875055723,3,10.060029950745562,6.700609335183842,0.8824001498947539,11.400757300353414,0.7786300245342842,44.89816546275284,101.20420260989776,129.97726702156166,8.17131793703741,9.870554347831971,6.846362992091833,1.606383747488629,0.7939952869944826,0.1848805406572595,0.09244027032862975,0.15108446385981397,0.07554223192990699,1.1222536788358102,0.673352207301486
204,0.625,0.475,1.1,0.054702244335642886,2.954498542007059,3,10.3897502160661,6.032410674185199,0.5164222110098069,20.118712934035283,0.2666919000242575,36.38997854202353,107.94690955224556,404.7626101221186,6.954271730629113,10.31190113329418,6.033726651918981,1.3647042541818626,0.2708049321895467,0.2536976065325894,0.1268488032662947,0.17126497203086705,0.08563248601543352,1.9216386053506809,1.1529831632104084
205,0.65,0.475,1.1,0.0439687433721087,3.0357524170540273,3,10.424352943677412,4.972533839701387,0.27437847548155114,37.992604650864216,0.07528354780758016,24.726092786975418,108.66713429435593,1443.4380081568693,5.309654813537367,10.361076999779543,4.991327148171309,1.0969263118853372,0.076080007237233,0.38088412545236594,0.19044206272618297,0.20887762291251954,0.10443881145625977,3.625473435985164,2.1752840615910984
206,0.675,0.475,1.1,0.033197954999034746,2.8030748749733903,3,9.753427757792647,3.817079027328003,0.14024633536721717,69.54497407903413,0.01966903458393395,14.570092300867294,95.12935302648009,4836.50341965353,3.3054988030161607,9.698595149339067,3.8691628581785107,0.8282181282971725,0.01980842755752012,0.6008462160291382,0.3004231080145691,0.2755046251529889,0.13775231257649445,7.105178602483762,4.263107161490257
207,0.7,0.475,1.1,0.023424405014753905,2.8346606669947505,3,8.351016109817492,2.768952728532334,0.07800916704554002,107.0517277147999,0.006085430143138967,7.667099212846658,69.73947006643127,11460.072406723655,1.1798469213051481,8.309458688531462,2.8326737563459474,0.5843889142677153,0.006115149231056875,0.8869995997996684,0.4434997998998342,0.39574311619888736,0.19787155809944368,12.787818690770498,7.672691214462299
208,0.7250000000000001,0.475,1.1,0.015416223477286838,3.048866375000216,3,6.499577327841387,1.9585530951585748,0.05256619599909167,123.6455711566745,0.0027632049618149207,3.835930226555233,42.24450544058979,15288.227266660258,-0.8034777905528472,6.471504148200001,2.0136817845271713,0.38460187545108326,0.0027732288080811857,1.1001122134543242,0.5500561067271621,0.6182246159485318,0.3091123079742659,18.989220982304367,11.39353258938262
209,0.75,0.475,1.1,0.009506536870115748,2.961306166020222,3,4.592443141127239,1.4364652755996858,0.03716090412427155,123.58265358047885,0.0013809327953333026,2.0634324880036816,21.09053400448662,15272.672265992642,-2.81180090262052,4.574508251165373,1.4741007824376697,0.23716780667315948,0.0013853224507634377,1.3191897351896453,0.6595948675948227,1.0422967868029323,0.5211483934014661,26.86733334864624,16.120400009187744
210,0.25,0.5,1.1,0.06740063427593095,2.8353919580113143,3,12.875055989589924,5.458341638489038,1.4388759852005506,8.947995603523397,2.070364100786855,29.793493442463202,165.7670667350754,80.06662532067405,9.232598105216953,7.730964682674101,11.62048451805562,1.6815019831094062,2.09598889323894,0.17106850539044627,0.08553425269522313,0.12742671556683485,0.06371335778341743,0.6907255350835537,0.4144353210501322
211,0.275,0.5,1.1,0.06564416443980259,2.8662187079899013,3,13.358595186205177,5.614710852875704,1.5337191083432313,8.709935941683302,2.3522943032971564,31.524977961400214,178.4520653489041,75.86298410822658,9.490491357622012,8.796665389406726,11.500696236841144,1.6376818092423424,2.3580271551814342,0.15352429126505834,0.07676214563252917,0.12160782639291857,0.06080391319645929,0.6512168045456251,0.3907300827273751
212,0.3,0.5,1.1,0.06312939365179199,2.7475447910255753,3,13.74814458225703,6.4792596760541175,1.5312026903736125,8.978657540695995,2.344581679007389,41.980805949740905,189.01147945464334,80.61629123309704,9.831127261202415,10.296313272853004,11.173287456515084,1.5749436449426708,2.346545156862133,0.12664334113417594,0.06332167056708797,0.11588548518275564,0.05794274259137782,0.6528081111718298,0.3916848667030979
213,0.325,0.5,1.1,0.061121138961883696,2.8164578329888172,3,13.776198955104576,7.415483167169727,1.5145307343504624,9.096018088409927,2.293803345292151,54.989390602577565,189.7836576506244,82.73754506468059,10.083236337312584,11.548732188734636,10.553127184803607,1.524841976316751,2.2948135296152317,0.10400488638071634,0.05200244319035817,0.11326684001035463,0.056633420005177314,0.6601251803497745,0.3960751082098647
214,0.35,0.5,1.1,0.06108194106139584,2.7449187919846736,3,13.325375497245927,7.936668153540061,1.4987385731646539,8.891060613132014,2.2462173106916223,62.990701379417,177.56563214260214,79.05095882638743,10.131575023640895,12.135588729438451,9.654422577846297,1.5238640723532033,2.24782385554262,0.09134697786244986,0.04567348893122493,0.1161076804168677,0.05805384020843385,0.6669892924837961,0.4001935754902777
215,0.375,0.5,1.1,0.06377961546297709,2.824596250022296,3,12.456927560972357,7.870523381744719,1.4685303316734941,8.482581048752877,2.1565813350450624,61.94513830259032,155.1750442593127,71.95418124866146,9.939327177376583,11.953126413349766,8.594633549992004,1.5911652914703982,2.1630187415078423,0.09031388403845866,0.04515694201922933,0.12574208786478092,0.06287104393239046,0.6799388537835769,0.4079633122701461
216,0.4,0.5,1.1,0.06873394746876951,2.86102829198353,3,11.27556682476887,7.3926335415735815,1.4293890187675071,7.888382152600587,2.0431529669731368,54.651030679998755,127.13840721982832,62.22657298546748,9.560738574495353,11.10215131056882,7.591732812986642,1.7147653017999338,2.0607507667653184,0.10184012593669436,0.05092006296834718,0.14132063952286042,0.07066031976143021,0.6966060868507407,0.4179636521104444
217,0.42500000000000004,0.5,1.1,0.07458379498830602,2.775082541978918,3,9.877075838518929,6.939533760223965,1.45191147304153,6.80280858847956,2.1080469255496253,48.15712880928816,97.5566271198544,46.27820469149126,9.2006640729874,9.80694828752469,6.941422002213703,1.8607065130460854,2.143535595454189,0.12253033385364413,0.061265166926822066,0.15445359193441988,0.07722679596720994,0.6830219334200446,0.4098131600520267
218,0.45,0.5,1.1,0.0798229521404163,2.992781707958784,3,8.526055816031297,6.907309221829615,1.6512761110616125,5.163313245384419,2.7267127949627628,47.71092068597244,72.69362777808111,26.659803669962184,9.154510825937807,8.461090557779292,6.897498450297024,1.9914123029208446,2.780395128039031,0.1374220331814929,0.06871101659074645,0.1513669776569094,0.0756834888284547,0.5997175257762931,0.3598305154657759
219,0.475,0.5,1.1,0.08327132890621398,3.0856322500039823,3,7.873122050585838,7.278635496924758,1.97165603830325,3.99315189750907,3.8874275333776667,52.97853469709312,61.98605082342095,15.945262076580285,9.454543835212515,7.667664184561958,7.466135143184821,2.0774419439248,3.9178396714569548,0.13639298998337365,0.06819649499168683,0.1356539683956327,0.06782698419781635,0.5052155046599932,0.3031293027959959
220,0.5,0.5,1.1,0.08424809419288791,2.9095919999526814,3,8.471831442037407,7.732409743070552,2.0996557248797756,4.034866926825585,4.4085541630204155,59.79016043473241,71.77192798229362,16.280151117190943,9.847881312131907,7.8250325556170015,8.385815533575602,2.1018101532780045,4.409179965098167,0.12813085947520708,0.06406542973760354,0.11946908186031004,0.05973454093015502,0.47623475592716946,0.2857408535563017
221,0.525,0.5,1.1,0.08255352635309464,2.9936294170329347,3,9.322985137663279,8.596132142208589,1.9400528602815048,4.805531503049097,3.763805100686448,73.89348780631163,86.91805187709039,23.09313302679731,10.093020885224261,8.577591573391098,9.314428916611119,2.0595343021122625,3.7882783733117114,0.12316959430635709,0.06158479715317854,0.1076278361621103,0.05381391808105515,0.5137822042764976,0.3082693225658985
222,0.55,0.5,1.1,0.07831086003560421,2.8867770829820074,3,9.989924094495597,9.340939085819905,1.630274779619653,6.127754792861526,2.6577958570639084,87.253143004998,99.79858341378367,37.549378801437406,10.049464726509724,9.317525937883698,9.953709490474434,1.9536888319149717,2.6927842035081198,0.12700484722164188,0.06350242361082094,0.10119107424506212,0.05059553712253106,0.6093954741917966,0.365637284515078
223,0.575,0.5,1.1,0.0717739575935487,2.888124125020113,3,10.40881465443886,9.582691964591861,1.2450591445228731,8.360096546600351,1.5501722733600287,91.82798528825343,108.34342251046117,69.89121426847912,9.643589190852866,9.834980226433666,10.089027225193888,1.790607066620157,1.576104268031835,0.14366206785469626,0.07183103392734813,0.10047312613282729,0.05023656306641364,0.79653988577523,0.477923931465138
224,0.6000000000000001,0.5,1.1,0.06325688788878983,2.894996000046376,3,10.69236230628475,9.193396362311871,0.8426103371024917,12.689569348333515,0.7099921801919746,84.51853667456915,114.32661168885893,161.0251702461655,8.83352892328982,10.225054414932682,9.618364012574581,1.578124354065812,0.7217812540394377,0.17974055115763127,0.08987027557881563,0.10619245471341322,0.05309622735670661,1.1770562040822954,0.7062337224493772
225,0.625,0.5,1.1,0.053227446122430265,2.913176834001206,3,10.835639872491981,8.202791607496565,0.5012330982884466,21.61796559224098,0.2512346188198356,67.28579015601608,117.41109144633805,467.336436347315,7.593262411058541,10.471578973719172,8.575010314859753,1.3279111861811843,0.2546219605779777,0.24876747047759193,0.12438373523879596,0.12019137629789323,0.06009568814894661,1.9817646212988236,1.189058772779294
226,0.65,0.5,1.1,0.04241834908284147,2.806987959018443,3,10.579458858818175,6.791457246302292,0.26728900423017354,39.58059887008209,0.07144341178235773,46.123891528351905,111.92494974542635,1566.6238069143437,5.9103100390485785,10.310867407819554,7.119438929557274,1.0582472831193528,0.07213480660403086,0.3786012188269526,0.1893006094134763,0.14640758967635176,0.07320379483817588,3.723296002989887,2.233977601793932
227,0.675,0.5,1.1,0.03177958255550747,2.89152591698803,3,9.681330813883248,5.2115972104137205,0.13270949414727304,72.95130522567953,0.017611809836825098,27.160745483592073,93.72816632784527,5321.892934130258,3.802985906876234,9.493798510345682,5.490512697045311,0.7928327628299136,0.017729216279795956,0.6215189421519506,0.3107594710759753,0.1928998169601371,0.09644990848006856,7.510264474481605,4.506158684688963
228,0.7,0.5,1.1,0.022253687943966857,2.847527500009164,3,8.15637913070565,3.709981831775612,0.06639761740831687,122.84144294737891,0.004408643597501224,13.763965192105125,66.52652052381066,15090.020105394147,1.3954664209564687,8.032499938344131,3.932634234538254,0.5551820218202432,0.004429054585211433,1.0278658423028504,0.5139329211514252,0.2765752216085158,0.1382876108042579,15.026038028772069,9.01562281726324
229,0.7250000000000001,0.5,1.1,0.014512968525006248,2.875951166031882,3,6.27352489495432,2.4667252671874005,0.039386835269604036,159.27974035009055,0.0015513227925549244,6.084733543780752,39.35711460761161,25370.035685992265,-0.9901875992317253,6.196182760214263,2.630518149526506,0.3620675920599909,0.0015564560958074621,1.4591176370402665,0.7295588185201333,0.43209194728992933,0.21604597364496467,25.347291692431057,15.208375015458634
230,0.75,0.5,1.1,0.008813540537553677,2.870022292016074,3,4.39319516819863,1.567367328921686,0.028988075750083137,151.55180378559726,0.000840308535692558,2.4566403437711006,19.300163785883786,22967.94923066817,-3.2228331443878373,4.347160984037022,1.6767495431602044,0.21987902712369473,0.0008423901149543886,1.6937895500283324,0.8468947750141662,0.7284116873526995,0.3642058436763497,34.45429509201519,20.67257705520911
231,0.25,0.525,1.1,0.06175393573959234,2.7938223329838365,3,13.455698801187948,5.581227496314558,1.3277938816578232,10.133876188966749,1.7630365921679494,31.150100365617664,181.05583022829077,102.69544661330724,9.204660564067945,7.476906463582397,12.477631966708199,1.5406289054466193,1.7873296327024017,0.17891682515252913,0.08945841257626456,0.11542906919662978,0.05771453459831489,0.7479932386146719,0.44879594316880317
232,0.275,0.525,1.1,0.06170087321289565,2.839755334018264,3,14.005903178879807,5.990370486229333,1.4800590173318362,9.463070738982307,2.1905746947852807,35.88453856228745,196.16532385615548,89.54970781098314,9.643428241877059,8.487612656218136,12.642444711910885,1.53930510864815,2.196981358081765,0.15245158741964296,0.07622579370982148,0.10514096347313397,0.05257048173656698,0.6746628771721963,0.4047977263033178
233,0.3,0.525,1.1,0.06131256899605177,2.865973833017051,3,14.038160111485443,7.171366280099803,1.524870292498976,9.20613391220281,2.325229408945913,51.42849432335248,197.06993931570096,84.75290160941063,10.067569775451382,9.683923131468358,12.43806919821044,1.5296177471316441,2.3255322879757125,0.1235762514775012,0.0617881257387506,0.09645587742809149,0.048227938714045744,0.6557507759393264,0.3934504655635958
234,0.325,0.525,1.1,0.061435295298040316,2.8133683330379426,3,13.36663464713485,8.64140861030539,1.5282072645487927,8.746611115660011,2.3354174434197037,74.67394277026014,178.6669217899858,76.50320600858727,10.346845158353247,10.666456133915338,11.813292897301253,1.5326795064517211,2.335596391255255,0.10233736496624984,0.05116868248312492,0.09245771817572934,0.04622885908786467,0.654336433056869,0.3926018598341214
235,0.35,0.525,1.1,0.0628973844939782,2.881176916009281,3,12.103451146736752,9.820186158781683,1.5280729366854213,7.920728687853494,2.3350068998304074,96.43605619312734,146.4935296614432,62.73794294658533,10.403876266009796,11.194468805339314,10.839105678104609,1.5691555115941584,2.3370375144896567,0.09244832745128524,0.04622416372564262,0.09498012573499184,0.04749006286749592,0.6541346551977746,0.39248079311866474
236,0.375,0.525,1.1,0.06605406024907341,2.8111300409655087,3,11.195200019956259,9.722127104192868,1.5328306459057985,7.303611817690831,2.3495697890279876,94.5197554300816,125.33250348682861,53.34274558351316,10.234011341303905,11.181527690534326,9.719036319481091,1.6479078349105214,2.3569672442027567,0.09468935538321961,0.047344677691609806,0.10453850011749152,0.05226925005874576,0.651363211811513,0.3908179270869078
237,0.4,0.525,1.1,0.07055432684215301,2.812963500036858,3,10.965845613881411,8.406568882835344,1.5664260594764947,7.0005510617885385,2.453690599807059,70.67040038185549,120.24977002748219,49.007715168708636,9.94519107512287,10.630480863780358,8.790250530908512,1.7601798822299135,2.4703698449473297,0.10681925326384557,0.05340962663192279,0.11750543021187448,0.05875271510593724,0.636237131340049,0.3817422788040294
238,0.42500000000000004,0.525,1.1,0.07548943177500096,2.8306499169557355,3,10.276124126457889,7.711265477779813,1.6681780727579965,6.1600882389422535,2.7828180824305835,59.463615268798726,105.5987270623699,37.946687111554674,9.768475047255725,9.645942532937719,8.44121634323403,1.8833002181226608,2.8072598950086523,0.12004944400281888,0.06002472200140944,0.12248944160682539,0.06124472080341269,0.5968410549605743,0.35810463297634454
239,0.45,0.525,1.1,0.07975036550460544,2.8160736659774557,3,9.392709959010137,7.994556852104243,1.8152195613605464,5.174420857370057,3.2950220559459744,63.91293926152691,88.22300037408822,26.77463120918628,9.829802399167685,8.542820468878434,8.859608699743186,1.989601421267068,3.322299621588941,0.12729380390691913,0.06364690195345957,0.11519226182294086,0.05759613091147043,0.5486313261463646,0.3291787956878187
240,0.475,0.525,1.1,0.0823694534677217,2.844960624992382,3,9.88165634070108,7.853203237730112,1.9542721303274042,5.0564382448853635,3.819179559374411,61.67280109309471,97.64713203571785,25.567567724339376,10.043238920223622,7.8622307947320405,9.854017083451492,2.0549420764586577,3.8395265096800846,0.12987564142329988,0.06493782071164994,0.10476371772660995,0.05238185886330497,0.510341827840856,0.3062050967045136
241,0.5,0.525,1.1,0.08273731578756224,2.90032441704534,3,11.30207362490461,7.594316329949833,2.0002539263217645,5.650319430037473,4.001015769765635,57.6736405193427,127.73686822276443,31.92610966145899,10.291320934726048,7.963485098363034,11.033305962868404,2.0641194562707037,4.0091628020394126,0.128831189076697,0.0644155945383485,0.09527832122946603,0.047639160614733014,0.49942830686857126,0.2996569841211427
242,0.525,0.525,1.1,0.0806466064356642,2.8735048749949783,3,12.494365289173802,7.92065405311153,1.8603901277506214,6.715992039949497,3.4610514274319732,62.73676062907211,156.10916397931112,45.10454908066501,10.431075525051698,8.569498007293923,12.03423009588865,2.0119607197975453,3.482633563299691,0.1282969555137538,0.0641484777568769,0.08761164675093937,0.043805823375469684,0.5358535465359218,0.32151212792155304
243,0.55,0.525,1.1,0.07617587950650705,2.901964417018462,3,13.100181150969716,8.502534765711331,1.5661451101817894,8.364602402295354,2.4528105061463292,72.29309744212985,171.61474618822223,69.96657334848521,10.323215282857443,9.186493872281982,12.584012353715833,1.9004256240513793,2.485277242644605,0.1344659843546726,0.0672329921773363,0.0830931202926701,0.04154656014633505,0.6343260959250148,0.38059565755500885
244,0.575,0.525,1.1,0.0695325912221859,2.8748850419651717,3,13.007029446477867,9.048213688822884,1.1851903527467273,10.97463324463749,1.404676172243912,81.87017095860182,169.18281502154232,120.44257485430239,9.875921381336983,9.648830718775278,12.503942552359621,1.7346897590338208,1.4290902955722706,0.15312521191277018,0.07656260595638509,0.08270370701948238,0.04135185350974119,0.8365081275633474,0.5019048765380084
245,0.6000000000000001,0.525,1.1,0.06100918350387982,2.8344852079753764,3,12.275825968966387,9.433624424824862,0.7914767332783185,15.51002758870697,0.6264354193209185,88.9932697886522,150.69590322034955,240.56095580245136,9.036115075132717,10.023373093430116,11.727359776324688,1.5220489265676524,0.6370810763076269,0.19214125509587288,0.09607062754793644,0.08734552613297607,0.043672763066488034,1.2528602991237903,0.7517161794742742
246,0.625,0.525,1.1,0.05107757911317146,2.855921334004961,3,11.226669760832788,9.317840948150602,0.4655962849186012,24.112455628368068,0.2167799005300033,86.8221599350321,126.03811391879734,581.4105164300189,7.771573517056089,10.242427849605846,10.322109506589287,1.2742765924073214,0.2196990907826128,0.26650077444858344,0.13325038722429172,0.09860447117599667,0.04930223558799834,2.133466707800796,1.2800800246804775
247,0.65,0.525,1.1,0.04047672821462507,2.8424832500168122,3,10.375135548853637,8.117273292588623,0.24608436733218816,42.160888403156015,0.060557515845283315,65.89012570657253,107.64343765708645,1777.5405109433755,6.06265116428889,10.029653527978594,8.484129820985817,1.0098079861390503,0.06113443779155956,0.4074084675507613,0.20370423377538066,0.11966353944136553,0.05983176972068276,4.044427350625865,2.426656410375519
248,0.675,0.525,1.1,0.030140258334422163,2.7828607499832287,3,9.325449834163296,6.296602695247776,0.12006843429862515,77.66778911241352,0.014416428914923266,39.64720550180156,86.96401460949623,6032.285465610339,3.906128048500719,9.164229583591109,6.4866883886670905,0.7519351220535779,0.014510634065312635,0.680005828818504,0.340002914409252,0.15698156402426452,0.07849078201213226,8.301504448791787,4.980902669275072
249,0.7,0.525,1.1,0.020966450757011847,2.82516512501752,3,7.779159728926414,4.47760308601034,0.0564158645438974,137.88957754734787,0.00318274977223538,20.048929395849324,60.51532608815048,19013.535596186062,1.351062664753277,7.688921141068474,4.601557299127568,0.5230682011440785,0.0031972168720535285,1.1990849230281149,0.5995424615140574,0.2242644315060503,0.11213221575302515,17.685361925258487,10.611217155155092
250,0.7250000000000001,0.525,1.1,0.013569792655705503,2.772272542002611,3,5.935507480341126,2.9409509942298464,0.028671211548102878,207.01976511815275,0.0008220383716360678,8.649192750461522,35.23024904918547,42857.18314957513,-1.3843524286681514,5.8821198710259095,3.0275934522413945,0.33853736698588516,0.0008247186839622586,1.9935148200225,0.99675741001125,0.35135923092365956,0.17567961546182978,34.82146856858018,20.892881141148106
251,0.75,0.525,1.1,0.00815534944178459,2.7964457919588313,3,4.125807324362846,1.7965746994362335,0.018658866512145832,221.11778985487604,0.0003481532995180772,3.227680650654393,17.022286077766104,48893.07699030512,-3.9565804135741844,4.094251547599635,1.856346885539481,0.20345856395312945,0.0003489960563106813,2.6361765183836616,1.3180882591918308,0.5959648379667348,0.2979824189833674,53.52907519652902,32.11744511791741
252,0.25,0.55,1.1,0.05782396971496913,2.7922660000040196,3,13.673246267730802,5.696762839058763,1.245983948086438,10.97385426893336,1.5524759988890677,32.45310684448085,186.9576634980143,120.42547751578694,9.150529448947523,7.521644727293272,12.73997866927535,1.4425846402116211,1.5773105416114517,0.18613028045531269,0.09306514022765634,0.10798051345511386,0.05399025672755693,0.7962352441813078,0.47774114650878463
253,0.275,0.55,1.1,0.05976346857675297,2.872890250000637,3,14.064120391919426,6.1527026988728375,1.4309518158250072,9.828507316866457,2.047623099212885,37.8557505007171,197.79948239840382,96.59955607769747,9.637716356074227,8.181946192777595,12.982126866617916,1.4909709976600787,2.0571195150762214,0.15621138545414232,0.07810569272707116,0.09656186414875742,0.04828093207437871,0.6972206444144504,0.41833238664867023
254,0.3,0.55,1.1,0.061441977240912056,2.7245209160028026,3,13.753780049720227,7.356944085325374,1.5102613828351175,9.106887195844955,2.280889444483041,54.124626274604005,189.16646565608212,82.93539439784479,10.05848215364119,8.876734246448823,12.822868360854393,1.5328462066662008,2.282625023936231,0.12802283475113038,0.06401141737556519,0.08778231700019361,0.043891158500096804,0.6618852651872038,0.3971311591123223
255,0.325,0.55,1.1,0.06310538707917479,2.781792583002243,3,12.70642146251018,8.93840631709692,1.533395982916142,8.286458034372629,2.3513032404233614,79.89510748951813,161.45314638293934,68.6653867554187,10.319899348102114,9.522601487522229,12.269517377914603,1.5743447321891475,2.3533696736158594,0.10900951477401553,0.05450475738700777,0.08485591035362162,0.04242795517681081,0.6518608876098417,0.391116532565905
256,0.35,0.55,1.1,0.0650420060069943,2.7774559580138884,3,11.478340532964532,10.050149404970133,1.5558100523619873,7.37772616621061,2.42054491903061,101.00550306222152,131.75230139069652,54.4308433835887,10.380091344225589,10.067325605343502,11.45400722516538,1.6226592414313636,2.425206115009314,0.10159151262412325,0.050795756312061624,0.08923924589375447,0.044619622946877234,0.6421340102751,0.38528040616506
257,0.375,0.55,1.1,0.06750054076360212,2.8244454999803565,3,11.852690805566592,9.004587927230112,1.6032809443795466,7.39277220696555,2.570509786610571,81.08260373921829,140.48627933236284,54.653080904082294,10.284682502072911,10.399344354145166,10.63753696111333,1.683994436762837,2.5787310641048866,0.10409898699589797,0.05204949349794898,0.09927184429359791,0.049635922146798954,0.62272596460408,0.373635578762448
258,0.4,0.55,1.1,0.07053893903401161,2.852840000006836,3,12.063905753453806,8.07464212323453,1.6792654022089593,7.184037578327143,2.8199322910560176,65.19984541831343,145.53782202821586,51.610395926816516,10.19460597048573,10.3494487547082,10.166101921948789,1.7597959892564499,2.8285333419694254,0.10919227331208943,0.054596136656044715,0.10660160824095773,0.05330080412047886,0.5945923931055237,0.3567554358633142
259,0.42500000000000004,0.55,1.1,0.07387180604122245,2.8568714580032974,3,11.589763743659383,8.314656810326015,1.735635880670197,6.677531775376827,3.0124319102698105,69.1335178735008,134.32262363384154,44.589430611167195,10.239031917912337,9.84328089147189,10.304462744853167,1.84294390829712,3.0217590755742836,0.11078011531958704,0.05539005765979352,0.10325664661920073,0.05162832330960036,0.5752678223735282,0.3451606934241169
260,0.45,0.55,1.1,0.07688099816900949,2.9945775840315036,3,11.152000481847297,8.942634413032863,1.7620175674059357,6.3291085674392065,3.1047059078471313,79.97071024515962,124.36711474712236,40.057615258432364,10.337817235380651,9.062120141335198,11.029130558865528,1.9180168298621634,3.120649910851232,0.11436751784022282,0.05718375892011141,0.09545149830011047,0.04772574915005524,0.5660795616087001,0.33964773696522005
261,0.475,0.55,1.1,0.07883211581725605,2.9648938750033267,3,12.24209711249758,8.160974981937443,1.8156620575990587,6.74249762573434,3.2966287074048477,66.60151265580885,149.8689417118216,45.461274233033215,10.401388822558555,8.410414350010964,12.048407860725083,1.9666930512368033,3.315782487938704,0.12356081908260308,0.06178040954130154,0.09039996742659619,0.04519998371329809,0.5491702258648292,0.3295021355188975
262,0.5,0.55,1.1,0.07913125560436278,3.008478917006869,3,13.60898435091095,7.176928403503436,1.8891970278124413,7.203581283773883,3.569065409895362,51.50830130901438,185.2044550633391,51.89158331193739,10.435507134059854,8.189826976057406,13.011966191453018,1.9741559505203277,3.577348710094725,0.13351675318919026,0.06675837659459513,0.0873832157472532,0.0436916078736266,0.5287122366939819,0.31722734201638914
263,0.525,0.55,1.1,0.07743635004480216,2.856798374967184,3,14.436006648053052,6.87792334055222,1.8311533239844695,7.883559753828395,3.3531224959393717,47.30582947851301,208.39828794263192,62.15051439218283,10.405976627344199,8.315520283661085,13.644677869573524,1.931871673967129,3.3664677231818967,0.14152007820897922,0.07076003910448961,0.08421309567718162,0.04210654783859081,0.5450204180795851,0.32701225084775104
264,0.55,0.55,1.1,0.07360404090904822,2.9054237920208834,3,14.500558244441754,7.3224675842193765,1.5398419069858638,9.41691363162444,2.3711130985098614,53.61853152194355,210.26618940044773,88.67826234547421,10.19362854898624,8.567824783682621,13.765040790905436,1.836263739696403,2.4092673617561187,0.15289968518373964,0.07644984259186982,0.08189471436648807,0.040947357183244035,0.6442545603027939,0.38655273618167635
265,0.575,0.55,1.1,0.06761371274470586,2.7901135830325074,3,13.814419945379463,8.168836395538284,1.1221958997401724,12.310167902572077,1.2593236373936552,66.7298880570709,190.83819842729793,151.5402337895158,9.682653670859,8.932942053701026,13.273454786700059,1.6868178361670523,1.28784619124041,0.17611649153840708,0.08805824576920354,0.08243555366240356,0.04121777683120178,0.8811868368628225,0.5287121021176935
266,0.6000000000000001,0.55,1.1,0.05960688547982052,2.9493689999799244,3,12.511845285949647,9.065757150327883,0.7182345148930513,17.420278511417294,0.5158608183836568,82.18795270872114,156.5462724595404,303.4661034153471,8.800442085846786,9.446144953684552,12.15767537093104,1.487064583561134,0.5262400791058741,0.22169051804130607,0.11084525902065304,0.0874211341917037,0.04371056709585185,1.3785040274695062,0.8271024164817037
267,0.625,0.55,1.1,0.05001678086724475,2.9200114579871297,3,10.830963498298074,9.59389977493991,0.41019886714492465,26.404177012198957,0.16826311060697954,92.04291289159205,117.30977030146525,697.1805636915359,7.504846568116516,9.874846691812929,10.509582031608241,1.247811940058468,0.17070366898832712,0.3076049084494154,0.1538024542247077,0.09867398532686375,0.049336992663431875,2.420352226737533,1.4522113360425197
268,0.65,0.55,1.1,0.0396259732340968,2.8675380839849822,3,9.893844536627485,8.482728867353925,0.21331705445075164,46.38093546764059,0.04550416571954494,71.95668903703961,97.88815971495353,2151.1911748534408,5.769938593501285,9.812122463387215,8.522635062815441,0.9885834650011343,0.04594653435302516,0.4705875212179866,0.2352937606089933,0.11934486971083669,0.059672434855418344,4.665236023618077,2.7991416141708463
269,0.675,0.55,1.1,0.029435389679175725,2.850278665951919,3,9.045990363242455,6.447053843863254,0.10280190171737469,87.99438738119744,0.010568230996708766,41.56450326567196,81.82994165187536,7743.012210592239,3.581986873754283,9.014128128121369,6.450677258286201,0.7343501533902812,0.010637043298603273,0.7900606585949311,0.39503032929746557,0.15560360100863166,0.07780180050431583,9.695931451954355,5.817558871172612
270,0.7,0.55,1.1,0.020390725755629235,2.9786169169819914,3,7.5753797682987924,4.538189524512253,0.046854019530554986,161.6804672085529,0.002195299146169628,20.595164160392752,57.38637863395066,26140.57347677595,0.9534263114072221,7.557670070265679,4.53944713955954,0.5087050910346501,0.0022051596665715453,1.4332620504360662,0.7166310252180331,0.2205079071299381,0.11025395356496905,21.29511451215776,12.777068707294655
271,0.7250000000000001,0.55,1.1,0.013121461168913537,2.8666985409799963,3,5.767791287837991,2.9616807125044997,0.02149679235553864,268.3093920452705,0.00046211208157714454,8.771552642821161,33.267416340059825,71989.92985970266,-2.0036108348765094,5.757770160394081,2.9631662535922922,0.3273524531904923,0.0004635990148935715,2.6393607932854195,1.3196803966427098,0.34425752972318363,0.17212876486159182,46.443907109246595,27.866344265547955
272,0.75,0.55,1.1,0.007824819291023582,2.9107186660403386,3,3.989337794713997,1.7923738764471717,0.011786387149335394,338.4699436874468,0.0001389189220340185,3.2126041129702614,15.91481604033354,114561.90277978341,-4.947287729551018,3.9836096106326004,1.7945209961750448,0.19521254208771557,0.00013925127709993885,4.1479474900563424,2.0739737450281712,0.5910786812707294,0.2955393406353647,84.74233112471867,50.8453986748312
273,0.25,0.575,1.1,0.056764073237759165,2.9159814169979654,3,12.911728968664564,5.854157087274279,1.1557886386558736,11.171358271595645,1.3358473772459976,34.27115520248367,166.71274496025168,124.79924563234844,8.940142115479327,7.692443892718561,11.880260727751075,1.4161424850677529,1.3610594163258163,0.19251273901672525,0.09625636950836262,0.10946677009029607,0.054733385045148034,0.8571591346817761,0.5142954808090656
274,0.275,0.575,1.1,0.06059229396358472,2.8456678750226274,3,12.992459284681217,6.1570706973541105,1.3618280981340132,9.54045470385255,1.8545757688673035,37.90951957221663,168.80399826409916,91.02027595626225,9.381596498752987,7.8446915626134,12.030952869170289,1.5116484222359876,1.870972532147061,0.16503830335904957,0.08251915167952478,0.0989468016145741,0.04947340080728705,0.7310823415975368,0.43864940495852206
275,0.3,0.575,1.1,0.0638066834859895,2.9290572499739937,3,12.408521502813327,7.099108935880182,1.4894376923130201,8.331010801494847,2.218424639282735,50.397347683493855,153.9714058857807,69.40574097462381,9.753502779511038,7.969353192389402,11.855067754702235,1.591840580877733,2.225945149317382,0.13958201796691416,0.06979100898345708,0.09152510869804135,0.04576255434902068,0.6702591798403741,0.40215550790422444
276,0.325,0.575,1.1,0.06615482321279978,3.027638916973956,3,11.465355891025766,8.28212441719113,1.555406300409071,7.371293203589559,2.4192887593522334,68.5935848618335,131.45438570787923,54.335963493285625,9.99033252579849,8.322244218454879,11.422942653076761,1.6504216558136924,2.426218815331195,0.12283768604101354,0.06141884302050677,0.0909800608259613,0.04549003041298065,0.6419999833715052,0.3851999900229031
277,0.35,0.575,1.1,0.06762953005977466,2.868240500043612,3,11.415206156412276,8.42210492338068,1.6194173765564195,7.048958669744506,2.622512639492876,70.93185134043308,130.30693159339273,49.68781832776624,10.09574513663812,9.051427052806806,10.912665945974162,1.6872124444217276,2.629733244142423,0.11542093031126288,0.05771046515563144,0.09745373672931316,0.04872686836465658,0.6166576899748402,0.3699946139849041
278,0.375,0.575,1.1,0.06857403163402502,2.922406957950443,3,12.216425906181122,7.820648852443309,1.6921344454221872,7.219536213112858,2.863318981384253,61.16254847322285,149.24106192121326,52.12170313244794,10.171079347994418,9.921024977543109,10.578914836973183,1.710775743005093,2.866286802003887,0.11162494698065215,0.05581247349032607,0.10465147468897634,0.05232573734448817,0.5906635592035896,0.35439813552215377
279,0.4,0.575,1.1,0.06954640234621522,2.94237908301875,3,12.559210562660304,8.10508574238082,1.720930293456615,7.297919393024459,2.9616010749366715,65.69241489134485,157.73376995723817,53.25962746708248,10.331622105502928,10.485158360210935,10.650769737596033,1.7350343171035427,2.9625204648982453,0.10484238531193169,0.05242119265596584,0.10332045484551323,0.05166022742275662,0.5809908870401435,0.34859453222408604
280,0.42500000000000004,0.575,1.1,0.0709511354804173,2.8803259590058587,3,12.171328636762773,9.303790646945451,1.700476609878133,7.15759838509925,2.891620700742628,86.56052040218965,148.14124078408153,51.2312146423754,10.520827116465151,10.463599608355269,11.179145047905466,1.7700794109112716,2.896535110729763,0.09914258358991945,0.049571291794959726,0.09518624447603265,0.047593122238016324,0.587571336427031,0.35254280185621856
281,0.45,0.575,1.1,0.0727243252580364,2.8936151249799877,3,12.002290875643743,9.919194587186333,1.682351421900709,7.134235284851269,2.8303063067713374,98.39042125846663,144.05498626356103,50.897313099616866,10.599523471534653,9.915834314566768,11.985833243656348,1.8143167116359111,2.8401761624448096,0.10242398333916941,0.051211991669584705,0.08855803160244757,0.04427901580122379,0.5933724262243274,0.35602345573459643
282,0.475,0.575,1.1,0.07435791932707768,3.0803135000169277,3,13.184874570419694,8.581231708190922,1.7024828117960895,7.744497905685099,2.898447724461119,73.63753762966128,173.84091743769991,59.977247811160886,10.521470857535926,9.142068791763435,12.781165483211224,1.8550713973476687,2.9143010445240436,0.11660376804917397,0.058301884024586983,0.08725128933172296,0.04362564466586148,0.5857776454257289,0.3514665872554373
283,0.5,0.575,1.1,0.07517204842694489,2.982039958005771,3,14.133826988579177,6.971088093197678,1.7820575853947642,7.931184213358756,3.1757292376630173,48.59606920312244,199.76506534308913,62.90368302623114,10.336221936960982,8.420638150017885,13.308367991823681,1.875382180927679,3.189584077619958,0.13735185326763588,0.06867592663381794,0.08992190552505527,0.04496095276252764,0.5599290148116737,0.3359574088870042
284,0.525,0.575,1.1,0.07453341188232185,2.8472989160218276,3,14.375355850164862,5.927539218472653,1.8218408941674684,7.890566018243875,3.319104243660921,35.135721186531384,206.65085581886913,62.26103208826499,10.08994393333079,7.8668047001221915,13.407517010442001,1.8594495620761462,3.322635027080761,0.15820678141667374,0.07910339070833687,0.09268720669218003,0.046343603346090015,0.5486036344796061,0.32916218068776365
285,0.55,0.575,1.1,0.07192310698716292,2.7635549579863437,3,13.848362829785833,6.0265265846466844,1.548728456787926,8.941763011514256,2.398559832864711,36.31902267545323,191.7771530653939,79.9551257540845,9.723544169077188,7.614046745781103,13.011587707232747,1.7943280256858398,2.4489011906220517,0.1799818595898978,0.0899909297949489,0.09447293779298949,0.04723646889649474,0.6390198792412365,0.3834119275447419
286,0.575,0.575,1.1,0.06698854828416959,2.8208115419838578,3,12.683208740652551,7.101212457216545,1.0591617770783117,11.974760622158279,1.1218236700236872,50.42721836252744,160.86378395896529,143.3948919579925,9.116044658593493,7.919370871609,12.1203717062978,1.6712213170622372,1.158983947785599,0.21232593600393487,0.10616296800196744,0.09770191799605064,0.04885095899802532,0.9288835878619571,0.5573301527171742
287,0.6000000000000001,0.575,1.1,0.05968355041358259,2.793489374977071,3,11.09595905651839,8.465196811941102,0.6333308693961098,17.52000351269558,0.40110799013003234,71.6595570648978,123.1203073839325,306.9505230848655,8.171563931080112,8.75397943538547,10.785720344593345,1.4889772100451533,0.41129058444758315,0.26969409152499213,0.13484704576249607,0.10519171233998316,0.05259585616999158,1.5592854135709766,0.935571248142586
288,0.625,0.575,1.1,0.05042102862270936,2.885119875019882,3,9.713196905849241,9.051574068331647,0.346468379898637,28.034872644629043,0.12004033826958624,81.93099311449392,94.34619413179927,785.9540842005698,6.832920838375394,9.578707026642586,9.11390664159325,1.2578970588378924,0.12197716154989477,0.37516996217975407,0.18758498108987703,0.11970435289653504,0.05985217644826752,2.863259685807583,1.7179558114845497
289,0.65,0.575,1.1,0.04007805689699449,2.9204824999906123,3,9.845396033280068,7.253551995026197,0.17631117879996244,55.84101983941908,0.031085631769832325,52.61401654454853,96.93182305212689,3118.2194967063956,5.065980867206575,9.787327835809531,7.265357187958497,0.9998619875827129,0.03139945255482206,0.5742357352181335,0.28711786760906677,0.1452247311566152,0.0726123655783076,5.6433756749307875,3.3860254049584726
290,0.675,0.575,1.1,0.029786537074782304,2.974622083012946,3,9.154208779458058,5.4065093270350015,0.08401164983552792,108.96356395070829,0.007057957308087358,29.230343103316464,83.79953837790698,11873.058268840095,2.850035213490205,9.109667325878702,5.4312694085546545,0.7431105315146015,0.007104197675176467,0.9657238174642045,0.4828619087321023,0.18901379164942309,0.09450689582471154,11.86430988051867,7.118585928311202
291,0.7,0.575,1.1,0.020600979410463405,2.9386970410123467,3,7.697713049047686,3.7688942495886466,0.03777545498795646,203.77552173764326,0.0014269849995471246,14.204563864582367,59.25478618547903,41524.46325944872,0.18321841571563802,7.670700750418569,3.7890608263703545,0.513950471013009,0.0014333502084457272,1.768781892596732,0.884390946298366,0.2658880988120577,0.13294404940602886,26.41337170349977,15.848023022099861
292,0.7250000000000001,0.575,1.1,0.013213685815421214,2.8392271249904297,3,5.855169765159975,2.447315015625188,0.016663955338392107,351.367346242836,0.0002776874075199268,5.989350785704514,34.28301297884351,123459.01200573299,-2.8643815040064897,5.841079518753813,2.458812769379542,0.3296532613009821,0.000278570367584231,3.382684762455065,1.6913423812275326,0.4097481061522809,0.20487405307614046,59.91458304913363,35.94874982948018
293,0.75,0.575,1.1,0.007842291285708554,2.832925333001185,3,4.03513146807849,1.4778890984301818,0.0084043567716896,480.1237712410052,7.063321274584483e-05,2.1841561872587754,16.282285964677275,230518.83571068512,-5.986702752715577,4.028554434158005,1.4828970455144577,0.19564843106750449,7.079989020016368e-05,5.776175606554977,2.8880878032774886,0.6964585766913866,0.3482292883456933,118.84576429110612,71.30745857466367
294,0.25,0.6000000000000001,1.1,0.05798901284798487,2.8160300830495544,3,11.100723139402026,6.0573515705875165,1.070231023214006,10.37226813521579,1.1453944430496983,36.69150804969905,123.22605421765557,107.58394626881285,8.552314917203844,7.797060709759168,9.908372923524363,1.4467021141559813,1.1692970703124137,0.1965431625000773,0.09827158125003865,0.12077762515799315,0.06038881257899657,0.9247781696473729,0.5548669017884237
295,0.275,0.6000000000000001,1.1,0.06307451506146029,2.7148290000041015,3,10.756412381899748,6.13456215845884,1.2844253566881219,8.374493952404562,1.649748496903409,37.63285287599518,115.70040732948621,70.13214895886058,8.879504420538138,7.439393282970782,9.85709386415995,1.5735745412322342,1.6752986469572706,0.17761501733250515,0.08880750866625257,0.11363514249767884,0.05681757124883942,0.7725985364748409,0.4635591218849045
296,0.3,0.6000000000000001,1.1,0.06702000364960553,2.7838698340347037,3,9.931723714623109,6.679311146750989,1.4863359145022854,6.682018255576397,2.209194450739345,44.61319739511202,98.63913594360704,44.64936796785623,9.182125767251273,7.070421885667535,9.626788554814551,1.672006061299855,2.228815993462365,0.1568110055935965,0.07840550279679825,0.10930751942821841,0.054653759714109205,0.6698273744175698,0.4018964246505419
297,0.325,0.6000000000000001,1.1,0.06930341698520433,2.7688387089874595,3,9.419800422954925,7.216548126216044,1.6343315053945,5.7637024017848475,2.6710394695250526,52.0785668579923,88.73264000830179,33.22026537634042,9.4208489941938,7.280653554709246,9.353340834263847,1.7289723509099668,2.6841184545173054,0.14084627756876164,0.07042313878438082,0.11161619863018904,0.05580809931509452,0.6103784063565213,0.36622704381391274
298,0.35,0.6000000000000001,1.1,0.06981494146746696,2.908028165984433,3,10.288634311060212,7.034465260265504,1.720254297473736,5.9808798769864975,2.959274847976857,49.48370149788223,105.85599598672545,35.77092410294202,9.648667249266266,8.365163092378191,9.235225073465974,1.7417337950799485,2.9622346349096174,0.1277100822901384,0.0638550411450692,0.11697540959003266,0.05848770479501633,0.5810189166585478,0.34861134999512866
299,0.375,0.6000000000000001,1.1,0.06904134448370264,2.8019103330443613,3,11.43441742186976,7.396471537148513,1.7097931967257523,6.687602596481626,2.923392775569667,54.70779119984809,130.7459017775587,44.72402848846779,9.948006744106605,9.812823624460979,9.44027535034883,1.7224342012956846,2.9253671018862724,0.11244121474385214,0.05622060737192607,0.11625484952597383,0.058127424762986914,0.5846686579596893,0.35080119477581356
300,0.4,0.6000000000000001,1.1,0.06796757565337458,2.8450276250368915,3,12.016278506077398,8.60903790007051,1.6517300625687112,7.274965067469992,2.728212199593239,74.11553356485045,144.3909491356177,52.92511673290867,10.281796208196655,10.88478698305699,9.994042826104709,1.695645960547,2.733559473807683,0.0976101800806006,0.0488050900403003,0.10773742974616136,0.05386871487308068,0.6048333591883128,0.3629000155129877
301,0.42500000000000004,0.6000000000000001,1.1,0.06761060216155514,2.844165582966525,3,11.732343829620037,10.149701687923706,1.6097250736171904,7.288414662794842,2.5912148126318693,103.01644435384132,137.64789173642336,53.120988296842846,10.511714350133847,11.17327133015989,10.750277488016422,1.686740233755847,2.597032806020366,0.09040551699004325,0.045202758495021624,0.0983030943787031,0.04915154718935155,0.6205278560486678,0.37231671362920066
302,0.45,0.6000000000000001,1.1,0.0684264794272275,2.888347208034247,3,11.609890683514422,10.554603690189364,1.5878944737300165,7.311500150411384,2.521408859702326,111.39965905695894,134.78956168315497,53.45803444946569,10.54165684346516,10.686522883173645,11.471472712353895,1.7070946303418735,2.5294422907744547,0.09477287591142099,0.04738643795571049,0.09313089357613784,0.04656544678806892,0.6287639191468472,0.37725835148810827
303,0.475,0.6000000000000001,1.1,0.0700744948413558,2.877660207974259,3,12.56846174458086,8.874618034374299,1.5888865847071658,7.910232149702017,2.5245605790624017,78.75884525604154,157.96623062499256,62.57177266217939,10.354838891560304,9.684651401778257,11.93318602203003,1.7482090978364497,2.539457391089707,0.11174542196436921,0.055872710982184604,0.0941490426011812,0.0470745213005906,0.6275228361753853,0.3765137017052312
304,0.5,0.6000000000000001,1.1,0.0716799911413551,2.947583500004839,3,12.920696089312145,6.977990795434577,1.6456903654665482,7.851231532031949,2.7082967789894212,48.69235554116968,166.94438743236614,61.64183656957274,9.99950273739808,8.450084687102443,11.989296254431537,1.7882628041750515,2.7318773935177347,0.1397496616628657,0.06987483083143285,0.1009171434177846,0.0504585717088923,0.6050195355000592,0.3630117213000355
305,0.525,0.6000000000000001,1.1,0.07222623003466105,3.008895749982912,3,12.58991135770149,5.331178240387906,1.7629245456627818,7.141491896902621,3.1079029537003255,28.421461430785495,158.505867994781,51.00090651352579,9.546884365985104,7.238717537698906,11.592643880483536,1.8018902988153127,3.115511867773067,0.17362629086317208,0.08681314543158604,0.11015139526962275,0.05507569763481138,0.5665461531523509,0.33992769189141053
306,0.55,0.6000000000000001,1.1,0.0708048333095906,2.817438874975778,3,11.665477701326719,4.810514952469307,1.6030179372806563,7.277197235307248,2.56966650724353,23.14105410793078,136.0833700001509,52.957599601563444,8.998652113620341,6.515919696967771,10.780380698107404,1.7664294839777772,2.622278672486108,0.21037570433628303,0.10518785216814151,0.1187921575446756,0.0593960787723378,0.6175335802090073,0.37052014812540435
307,0.575,0.6000000000000001,1.1,0.06679181175411313,2.849464541999623,3,10.37653513432614,5.859730626954158,1.0234339084280442,10.138940139538768,1.0474169649203022,34.336443020464564,107.6724813939048,102.79810715315041,8.261628408628681,6.882361769027952,9.6391305785666,1.666313160499708,1.098532629720866,0.2577129536759092,0.1288564768379546,0.1281382880234778,0.0640691440117389,0.9540991728716961,0.5724595037230177
308,0.6000000000000001,0.6000000000000001,1.1,0.060035843726497104,2.935860749974381,3,9.193486894482215,7.224827415320748,0.5592012953707906,16.44038912389549,0.3127060887443701,52.198131181170275,84.52020127901623,270.2863945451011,7.2295457241145735,8.145833192307576,8.272432328703616,1.4977661763607648,0.32284597131442394,0.3335308577512929,0.16676542887564644,0.14207449743799425,0.07103724871899712,1.7599580424460872,1.0559748254676522
309,0.625,0.6000000000000001,1.1,0.05098500743153969,2.965590208012145,3,9.509763944548526,6.705607529886132,0.2893714460124823,32.863518759685476,0.08373583376735497,44.96517234486559,90.43561028103514,1080.0108652681993,5.830438079465766,9.370542718868347,6.786718444329813,1.2719671265111057,0.0852549902963118,0.46780956557430836,0.23390478278715418,0.1650791013294135,0.08253955066470675,3.4248384874926194,2.0549030924955716
310,0.65,0.6000000000000001,1.1,0.04062529839330187,2.906643250025809,3,9.86708117444055,5.284474217632062,0.14323689957130586,68.88644758418931,0.02051680939880036,27.925667756817994,97.35929090299909,4745.342660769262,4.021443664426631,9.8121384518601,5.291521788589009,1.01351449502817,0.020734093783389248,0.7180223124781152,0.3590111562390576,0.20323446529265304,0.10161723264632652,6.944763660496283,4.1668581962977695
311,0.675,0.6000000000000001,1.1,0.030206836953811687,2.8585581250372343,3,9.255615281982873,3.8958294107456695,0.06757837484308557,136.9611995475485,0.004566836746432581,15.17748679763095,85.6664142480749,18758.370181503396,1.781339556094439,9.22487835060721,3.8964317255814107,0.7535961165195622,0.004597187706229708,1.204966445622794,0.602483222811397,0.26696677002243274,0.13348338501121637,14.748704749398483,8.849222849639089
312,0.7,0.6000000000000001,1.1,0.020873001464873506,2.8474470829823986,3,7.808937705964067,2.6956479449624076,0.030863784915265337,253.012964139137,0.0009525732192957602,7.2665178431800515,60.979508095627345,64015.56002247223,-0.8625285077685518,7.791575215577622,2.6957684089551757,0.5207368407386637,0.0009568172100062641,2.1607089757581597,1.0803544878790798,0.3764556317638593,0.18822781588192966,32.32849676120922,19.397098056725532
313,0.7250000000000001,0.6000000000000001,1.1,0.013364567438587896,2.860010875039734,3,5.940998069881408,1.7488299398138922,0.01519358141688846,391.0202543343518,0.00023084491627161835,3.0584061583894617,35.29545806633461,152896.83929970118,-3.692116225054402,5.9316113856070745,1.7489752008771593,0.3334174357971882,0.00023157292867706666,3.693920565667516,1.846960282833758,0.5734062749643655,0.28670313748218273,65.71372801626731,39.428236809760385
314,0.75,0.6000000000000001,1.1,0.007914315746937801,2.9127269170130603,3,4.087977138825061,1.0704220653820309,0.010003493048481377,408.6549687207164,0.00010006987317101524,1.1458033980567328,16.711557087556333,166998.8834601297,-6.2574353143707,4.083154133684618,1.0706671912593757,0.1974452876652266,0.0001003033754025939,4.828692850109093,2.4143464250545463,0.9379008516394238,0.4689504258197119,99.84865656584219,59.909193939505315
315,0.25,0.625,1.1,0.05955400886146943,2.896423834026791,3,8.689029188307297,6.173352039625754,1.0133828908717508,8.574280527701292,1.0269448835115869,38.110275405151455,75.49922823525615,73.51828656771755,7.9911946376371885,7.67479583275678,7.3161819265356,1.485745424779133,1.0499087848083288,0.19827732597675976,0.09913866298837988,0.14652410152766213,0.07326205076383106,0.9759424647163464,0.5855654788298078
316,0.275,0.625,1.1,0.06504790975281471,2.79292583395727,3,7.851163918920422,6.140294871633979,1.2310813299521217,6.377453485730113,1.5155612409566848,37.70322111061454,61.64077488175788,40.67191296265117,8.166854939299595,6.9116411404755125,7.10318752065577,1.6228065272901897,1.551703755432382,0.19249040431917125,0.09624520215958562,0.1451277605477982,0.0725638802738991,0.8027782443386668,0.4816669466032001
317,0.3,0.625,1.1,0.06897568696484312,2.8416648330166936,3,6.934595747801596,6.277468604890436,1.5390126029747733,4.505873268612384,2.368559792115187,39.40661208538508,48.08861818542797,20.30289391279565,8.409261230380357,6.248208319159682,6.918276038757856,1.72079618632217,2.4039181990024545,0.17691774469855065,0.08845887234927532,0.14519456911793255,0.07259728455896627,0.6449709547933852,0.3869825728760311
318,0.325,0.625,1.1,0.07073132048214688,2.8881547920173034,3,7.443362506840552,5.939031680855476,1.7577068167616177,4.234700824881667,3.089533253690259,35.27209730620502,55.40364540823967,17.932691076253473,8.705757628885653,6.526069712815539,6.932668519966938,1.764595495819379,3.091497597343794,0.15743767400353006,0.07871883700176503,0.1477139709842734,0.0738569854921367,0.5687423175472668,0.34124539052836006
319,0.35,0.625,1.1,0.07021517809268722,2.8780825000139885,3,8.724610400764478,6.40941813088937,1.6949009033878524,5.1475637208790745,2.8726890723049583,41.08064077657339,76.1188266451277,26.497412260510423,9.103081161058698,8.003661941006607,7.276333768948552,1.7517188447200707,2.885905809660127,0.133580704583194,0.066790352291597,0.14570571403639343,0.07285285701819671,0.5886524064303078,0.3531914438581847
320,0.375,0.625,1.1,0.06804091960595932,2.919217499962542,3,10.202021235890264,7.489291826800064,1.5607645899608813,6.536553495326265,2.435986105275758,56.08949206697424,104.08123729755592,42.72653159726201,9.562471855802903,9.839939891208775,7.931007157613987,1.6974757356380683,2.454194711918899,0.10966948473286778,0.05483474236643389,0.13584872314322374,0.06792436157161187,0.638330347287098,0.3829982083722588
321,0.4,0.625,1.1,0.06547018232155352,2.8144188330043107,3,11.26374166620508,8.622446000335104,1.4913317726851048,7.552807411810854,2.224070456220097,74.34657502869484,126.87187632300439,57.044899799904975,9.951254391546888,11.154322396654221,8.738181148839427,1.6333413266934145,2.2368837531798595,0.09292326200670731,0.046461631003353654,0.12358518250306165,0.061792591251530825,0.6686183514273802,0.40117101085642815
322,0.42500000000000004,0.625,1.1,0.06391937117697644,2.934744833037257,3,11.526676010399559,9.510888670767438,1.4641567288150392,7.872569775865624,2.1437549265343563,90.45700330773239,132.86425984872068,61.97735487587292,10.156761570669698,11.526310455881696,9.49032510933851,1.5946518982770739,2.153199987640909,0.08691556026075209,0.043457780130376045,0.11433864903684805,0.057169324518424026,0.6814873765991518,0.4088924259594911
323,0.45,0.625,1.1,0.06418224202492767,2.9248035000055097,3,11.218187777703593,9.74343662289878,1.4463324114152476,7.756299789151864,2.0918774443102452,94.9345572244452,125.84773701581827,60.16018641919725,10.126322484180038,10.964524389120427,10.004474161751881,1.601209964931493,2.102267377234225,0.09287006141523112,0.04643503070761556,0.1105324618369966,0.0552662309184983,0.6896933276593173,0.4138159965955904
324,0.475,0.625,1.1,0.06596921998250473,2.799152083985973,3,11.030690122490475,8.757777975444915,1.4298547335431935,7.714552998790528,2.044484559035877,76.69867506718803,121.67612457840892,59.51432797114793,9.856392940509956,9.722130907808534,10.15828853563162,1.6457912513202428,2.0616586856496397,0.11179173829074798,0.05589586914537399,0.11328582806341621,0.056642914031708104,0.6964526833140056,0.41787160998840334
325,0.5,0.625,1.1,0.0681774757856872,2.8855648749740794,3,10.709708120560443,7.05742674982232,1.4456448115836409,7.408256879384103,2.0898889212587006,49.80727232910764,114.69784802759828,54.882269990941886,9.387573183127493,8.096590427910456,9.906928452893679,1.7008825208929124,2.121141190348903,0.1440434724164926,0.0720217362082463,0.12287156400944964,0.06143578200472482,0.6866180422754545,0.4119708253652727
326,0.525,0.625,1.1,0.06948073491026853,2.8122974580037408,3,10.065228078180423,5.183481652881942,1.5512735918853506,6.488364225905233,2.4064497568808774,26.86848204576371,101.30881626579158,42.09887032800681,8.787279898677518,6.4332235561474524,9.284003493242942,1.7333960547198708,2.446740476074442,0.18714518176744305,0.09357259088372152,0.1375089848851774,0.0687544924425887,0.6393019759459776,0.3835811855675865
327,0.55,0.625,1.1,0.06873960764592361,2.796254290966317,3,9.233120641281888,3.892111947499471,1.5832716596066756,5.8316717698184695,2.506749148113677,15.148535411868126,85.25051677646566,34.00839563089768,8.082484786422489,5.452462968678871,8.380664924078603,1.7149065111403445,2.5243033225569276,0.23811656302788325,0.11905828151394163,0.15433002448648248,0.07716501224324124,0.6294036114778725,0.3776421668867235
328,0.575,0.625,1.1,0.0652297442268626,2.9149601249955595,3,8.55954088345393,4.2540030362538035,1.0109199069978616,8.467081144809265,1.0219590583645652,18.09654183245658,73.2657401355193,71.69146311278458,7.211535398917249,6.028373415202729,7.307168401547807,1.6273429093583085,1.0806672855693618,0.3030991342959177,0.15154956714795886,0.17377464410427992,0.08688732205213996,0.9619533197377788,0.5771719918426672
329,0.6000000000000001,0.625,1.1,0.058807954364120785,2.8841424169950187,3,8.715822357064877,4.728172970213738,0.5064791237488513,17.208650758499587,0.25652110279340423,22.3556196362598,75.96555935991194,296.1376609280084,6.07681345292041,7.649156983632933,6.157565949663148,1.467132957251547,0.26634918433952604,0.4020292076026827,0.20101460380134134,0.20028154340477453,0.10014077170238726,1.9376454569719452,1.162587274183167
330,0.625,0.625,1.1,0.04998382168634443,2.6983910410199314,3,9.546568964365543,4.233612376644439,0.24723121665590225,38.61393028556143,0.06112327448915768,17.923473755676977,91.1369789913874,1491.0356120981983,4.60361231431671,9.087121739055553,4.999081041753374,1.2469896788343584,0.06233408591997304,0.57158902721008,0.28579451360504,0.24050825044120672,0.12025412522060336,4.005319844552427,2.403191906731456
331,0.65,0.625,1.1,0.03980585383045547,2.6873306250199676,3,9.856795491597742,3.371136275693501,0.1192340714991081,82.66760807267639,0.014216763806254423,11.364559789296647,97.15641736318157,6833.93342445763,2.753488491597256,9.615145037334027,3.8856131580107167,0.9930711019907469,0.01437357885603184,0.8792625877490706,0.4396312938745353,0.3042750879989029,0.15213754399945145,8.340988876683577,5.004593326010146
332,0.675,0.625,1.1,0.029559618798601594,2.9149598340154625,3,9.195749169738619,2.502365637260232,0.05730282454890722,160.47636817431513,0.003283613701282844,6.261833782540807,84.5618027927485,25752.66474241834,0.5531450148862929,9.056989107652438,2.872983965882587,0.7374494047982034,0.003305840546641214,1.4326014084941914,0.7163007042470957,0.4083755494719653,0.20418777473598265,17.392381336778957,10.435428802067374
333,0.7,0.625,1.1,0.020395070035695437,2.7788043749751523,3,7.721340594113254,1.7593769908518566,0.03036813889075062,254.25794520667787,0.0009222238596879203,3.095407395938934,59.61910057030122,64647.10270072201,-1.7708270360300542,7.64089787493431,2.0182216692158343,0.5088134715510204,0.0009263899035810336,2.2079364195404247,1.1039682097702124,0.5841110726571059,0.29205553632855297,32.855122698174405,19.71307361890464
334,0.7250000000000001,0.625,1.1,0.013044007045209072,2.8828442500089295,3,5.8495701271229805,1.2017957646043635,0.020910155222471152,279.74780985062824,0.0004372345914278376,1.4443130598209868,34.217470672129565,78258.83711622325,-3.8346705150127143,5.8043015201859305,1.3661649106265192,0.3254201381016483,0.00043866269652280453,2.714519497367254,1.357259748683627,0.8937789778222504,0.4468894889111252,47.74574211737151,28.647445270422907
335,0.75,0.625,1.1,0.007729909293476562,2.8638787499512546,3,4.010158339533753,0.8467724194938807,0.016168595502657108,248.02144001157882,0.00026142348052854365,0.7170235304155207,16.081369908132107,61514.63470541719,-5.804354102395141,3.98594105291015,0.9347404404063112,0.19284474019969672,0.0002621167170411589,3.0695293578770704,1.5347646789385352,1.4668344270703837,0.7334172135351918,61.76644984337215,37.05986990602329
336,0.25,0.65,1.1,0.05955375642449196,2.763838708982803,3,7.363845377556408,5.165555050448941,0.9870829254537177,7.460209459272714,0.9743327017222696,26.682958979218565,54.22621874455888,55.65472517622208,7.25118720253198,7.2452020786895766,5.213744960286013,1.485739127015279,0.9972022055638249,0.20162690393466481,0.10081345196733241,0.19698420753130813,0.09849210376565407,1.0014018394488264,0.6008411036692959
337,0.275,0.65,1.1,0.06469591729601801,2.7922877090168186,3,6.575013978236035,4.934405473628972,1.1776598289167544,5.583118160941197,1.3868826726442391,24.348357378179564,43.230808813999246,31.171208399031414,7.286076343524686,6.228488705197367,5.250419068811522,1.6140250666926514,1.4271667018999576,0.20969143069962498,0.10484571534981249,0.20145525826888927,0.10072762913444464,0.8370716776730439,0.5022430066038264
338,0.3,0.65,1.1,0.06805873219922083,2.738044708967209,3,6.265902089690386,4.733723117730302,1.44360386865592,4.340458089464882,2.083992129598339,22.408134555334293,39.26152899758635,18.83957642640113,7.513954523549554,5.524438189108065,5.509201905643283,1.6979201218254585,2.1276601875063266,0.19647371551533882,0.09823685775766941,0.2033306479961727,0.10166532399808635,0.6855653612748324,0.41133921676489943
339,0.325,0.65,1.1,0.06907621392892033,2.7210803339839913,3,6.460046431546422,5.617201828942298,1.4406486088495618,4.484123603676769,2.0754684141801776,31.552956387072694,41.73219989773566,20.107364493051136,7.913127170026787,6.036519785529928,5.995938332694758,1.7233041195377503,2.1302420299820812,0.1687899462927853,0.08439497314639265,0.1988812070511801,0.09944060352559005,0.6851497844567251,0.4110898706740351
340,0.35,0.65,1.1,0.06772583733496841,2.856630625028629,3,7.784703927933948,6.689518787917349,1.301366521567901,5.9819457461951995,1.6935548234577378,44.74966161389919,60.60161524559024,35.78367491042284,8.432235195552522,7.761680639068122,6.629204034848322,1.6896151054050528,1.7354435199843063,0.1362233232020503,0.06811166160102515,0.18585834578900653,0.09292917289450327,0.7590926003570483,0.45545556021422895
341,0.375,0.65,1.1,0.06471424966318472,2.9153589999768883,3,9.776006007929771,7.237003005448727,1.232412532234587,7.932413662009833,1.5188406496088667,52.37421250087391,95.57029346707898,62.92318650524025,8.936223689633517,9.680398619629036,7.290176657512364,1.6144824201297077,1.5452509479497734,0.10973954017021328,0.05486977008510664,0.169608195189816,0.084804097594908,0.804452657405482,0.48267159444328916
342,0.4,0.65,1.1,0.061414641851808796,2.7307274999911897,3,11.08099907893205,7.759188660163035,1.2156975187361412,9.114931064803057,1.4779204570612103,60.20500866400264,122.78854058729296,83.0819683161118,9.298855246040043,10.96033141573068,7.873695300542139,1.5321642470454946,1.496467526482205,0.0940399881295418,0.0470199940647709,0.15587340062946686,0.07793670031473343,0.8174596998745438,0.4904758199247263
343,0.42500000000000004,0.65,1.1,0.05936834204903688,2.790456415968947,3,11.36561665101369,8.173556483207316,1.211916899394793,9.378214510161094,1.468742571038689,66.80702558418034,129.17724185779966,87.95090739859609,9.447400318530873,11.238920854847068,8.303371064031033,1.4811134340470455,1.484152888476642,0.08985153908211192,0.04492576954105596,0.14732944303830706,0.07366472151915353,0.820844096658773,0.49250645799526377
344,0.45,0.65,1.1,0.059436967750762626,2.7483280829619616,3,10.693524423495433,8.388492925250317,1.1962254822929306,8.939388586671834,1.4309554044869544,70.36681355697462,114.35146459589332,79.91266830351864,9.351340818286946,10.544570024008216,8.530094085419377,1.482825498848569,1.4467277124661257,0.09766138926918949,0.048830694634594746,0.1450420368029928,0.0725210184014964,0.8313934520092013,0.49883607120552076
345,0.475,0.65,1.1,0.061264735864134987,2.7177978749969043,3,9.434450916853045,8.257517677828046,1.1630536450539575,8.111793430143416,1.3526937812732969,68.18659819964269,89.00886410250926,65.8011926533179,9.01308199746559,9.130054345980236,8.535466158208603,1.5284244125726985,1.3724338385217842,0.11876365151948978,0.05938182575974489,0.14976218111916642,0.07488109055958321,0.8535997737251176,0.5121598642350705
346,0.5,0.65,1.1,0.06360433336538673,2.806876624992583,3,8.612734782732597,7.068419138653862,1.1341616120879794,7.593921969265601,1.2863225623340042,49.962549119688205,74.1792004376919,57.66765087529475,8.46954492093381,7.307234032602718,8.337535179182817,1.5867923772112358,1.3143779954273842,0.1544277076812763,0.07721385384063816,0.16199314550655103,0.08099657275327551,0.8722477545625483,0.523348652737529
347,0.525,0.65,1.1,0.06502782769400675,2.788274167047348,3,8.277850815330773,5.154831188849535,1.1464085476758172,7.220681346203285,1.3142525581841764,26.572284585535908,68.52281412087234,52.138239103408075,7.780303589614403,5.485178573680572,7.980619779828062,1.6223055227807632,1.3535680446865956,0.20374606804943712,0.10187303402471856,0.18114924660405618,0.09057462330202809,0.8595278509913576,0.5157167105948146
348,0.55,0.65,1.1,0.06438773201068196,2.980141000007279,3,8.11715036218291,3.524409390839982,1.1420329332723047,7.107632473368847,1.3042392206785445,12.421461554241054,65.88813000228615,50.51843937648735,6.9730039491002085,4.55386108779533,7.503056911293769,1.606336501532624,1.3341716964418737,0.26526232371352393,0.13263116185676196,0.2062056137043683,0.10310280685218415,0.8657532657062896,0.5194519594237738
349,0.575,0.65,1.1,0.06102262602132805,2.8738175419857726,3,8.368466422403735,2.9262829345768226,0.8202066559768957,10.202875533162542,0.6727389585088017,8.563131813195541,70.03123026289876,104.09866914520683,6.000009376454113,5.406828045529776,6.9076521046029855,1.5223842886898349,0.6941251825274781,0.3460529220189986,0.1730264610094993,0.23896602787990537,0.11948301393995268,1.2002759374439276,0.7201655624663565
350,0.6000000000000001,0.65,1.1,0.054869340311965144,2.930871666991152,3,9.110034007873342,2.8071607787872064,0.4267802403307647,21.345960161634594,0.1821413735367853,7.880151637961195,82.99271962460882,455.65001522209116,4.780127919897614,7.1495920006473135,6.169646159103333,1.3688729421856758,0.18766486723305498,0.46820758428377107,0.23410379214188554,0.2851752455282003,0.14258762276410014,2.3083864269980507,1.3850318561988304
351,0.625,0.65,1.1,0.046482104378054695,2.7538367499946617,3,9.800301307100682,2.488951099897675,0.20947751442538703,46.7845025466512,0.043880829049838234,6.194877577681847,96.04590570995933,2188.7896785376124,3.262271264882911,8.547345089792557,5.2804181564882855,1.159629305131162,0.044672051602530655,0.6711372439246213,0.33556862196231063,0.3536161166489379,0.17680805832446894,4.731317042980734,2.8387902257884403
352,0.65,0.65,1.1,0.03689245964309952,2.711943208007142,3,9.810426349276755,2.032977872895546,0.10514493320436806,93.30384308874332,0.011055456978551021,4.132999031682898,96.24446515458364,8705.607135128836,1.4810636391608538,9.00967560233129,4.285691410461149,0.9203881345936898,0.011174622303423119,1.0040449728937446,0.5020224864468723,0.45697221978116503,0.22848610989058252,9.45983526157702,5.675901156946211
353,0.675,0.65,1.1,0.02731646990397932,2.8464239169843495,3,8.940696536136498,1.5941028146658711,0.058998601477883106,151.5408215140169,0.0034808349763460708,2.5411637837256524,79.93605455128318,22964.620585143126,-0.3466339226382118,8.438970915976418,3.2863419882070053,0.6814876270606912,0.0035057429296877192,1.4362306710885304,0.7181153355442652,0.6200162590942128,0.3100081295471064,16.88923453295567,10.133540719773402
354,0.7,0.65,1.1,0.01881604008154771,2.8276895830058493,3,7.385058290112417,1.276418168606425,0.03954743146355445,186.73926515096767,0.0015639993353645367,1.6292433411485803,54.53908594835813,34871.55314912341,-1.9734757446736744,7.08211764686055,2.406895873756155,0.46942004405865134,0.0015726586537419737,1.8244022690938253,0.9122011345469127,0.9078772941161561,0.45393864705807807,25.216381450944926,15.129828870566955
355,0.7250000000000001,0.65,1.1,0.01205434603149245,2.8380877500167117,3,5.531611285449266,1.1214134626871493,0.026904894682465222,205.59869684434756,0.0007238733578745454,1.2575681542959822,30.598723413309678,42270.82414409393,-3.58075599160245,5.35625198007154,1.7541783002339584,0.30073020787995547,0.0007274483718310559,2.3576473138075746,1.1788236569037873,1.4347396162768418,0.7173698081384209,37.07651550763802,22.245909304582813
356,0.75,0.65,1.1,0.007229700010106286,2.802704125002492,3,3.7633968524701045,1.0887343194845511,0.016052239133734714,234.44684701719322,0.0002576743812066042,1.1853424184234886,14.163155869181889,54965.3240763032,-5.443138229401839,3.665344208908653,1.3716690736323303,0.1803655860939138,0.0002588040405645035,3.4726308416944374,1.7363154208472187,2.4072306002162573,1.2036153001081287,62.160496369763315,37.29629782185799
357,0.25,0.675,1.1,0.05697808334682618,2.930487792007625,3,7.49537495543335,3.667787240512166,0.8639588853159896,8.67561533636169,0.7464249555164473,13.45266324166385,56.1806457225375,75.26630146451414,6.335289216903858,6.531500020555622,5.06938176874867,1.4214815805624401,0.766092473379388,0.21316546998725627,0.10658273499362814,0.28476111377319846,0.14238055688659923,1.1425084011350461,0.6855050406810277
358,0.275,0.675,1.1,0.061232133368964325,2.727900874975603,3,7.085616336595888,3.7654275300937816,0.8727127038035069,8.11907092186804,0.7616274633800275,14.178444484388157,50.20595886943453,65.91931263432315,6.2955588034164265,5.422110577852997,5.7804110735285965,1.5276110498963267,0.7892356064531493,0.2310301291546971,0.11551506457734854,0.28810021188206725,0.14405010594103362,1.1256326063281967,0.675379563796918
359,0.3,0.675,1.1,0.06371071440731423,2.836998458020389,3,6.972149714265917,4.479819650368199,0.8568016539056246,8.137413930615368,0.7341090741354137,20.068784099825056,48.6108716381383,66.21750547817305,6.573915121109291,4.897611630357866,6.5498721672978215,1.589446357175787,0.7645466582347026,0.21406112631886717,0.10703056315943359,0.28072894558227024,0.14036447279113512,1.1436628205295027,0.6861976923177017
360,0.325,0.675,1.1,0.06396434311535124,2.858936792006716,3,7.387994793178939,5.624813621909288,0.8196892088800052,9.01316585986735,0.6718903991543288,31.638528281216285,54.58246706403912,81.23715881747835,7.056428294199123,5.673086232454855,7.22236001292464,1.5957738521633216,0.695811187754229,0.17858965410198435,0.08929482705099218,0.26305923776066353,0.13152961888033177,1.1988208739827741,0.7192925243896645
361,0.35,0.675,1.1,0.06207889995339465,2.9270019159885123,3,8.706640328670417,6.3092652972420264,0.8100993638929559,10.747620250965765,0.6562609793797718,39.80682859098252,75.80558581283012,115.5113410589694,7.591013716873829,7.407750535774659,7.680841358295633,1.5487360690633767,0.6744396725975823,0.1436821538708208,0.0718410769354104,0.24236361968166234,0.12118180984083117,1.2176667453436194,0.7306000472061717
362,0.375,0.675,1.1,0.05880779338409947,2.78143816703232,3,10.10470516408116,6.713389359555136,0.8234859819263933,12.270646235462404,0.6781291624292762,45.06959669298812,102.10506645300846,150.56875903586769,8.045792730474629,9.135145365211589,7.889831692434133,1.4671289411435693,0.6933067148169698,0.11824835377303095,0.05912417688651547,0.22423497795906655,0.11211748897953328,1.2009842079068775,0.7205905247441265
363,0.4,0.675,1.1,0.055482609803472104,2.838812791975215,3,10.821014439380388,7.089852957399067,0.8413842346670622,12.860966480626166,0.707927430346278,50.2660149575403,117.09435349727885,165.40445881578978,8.334895561680568,10.181501543860817,7.905022967339909,1.3841727071986842,0.7216883810984436,0.10403779564857325,0.052018897824286627,0.21105682161396455,0.10552841080698228,1.1771319384002719,0.7062791630401631
364,0.42500000000000004,0.675,1.1,0.053518361613783934,2.8893110420322046,3,10.613361748527648,7.443321497458207,0.8479249447473306,12.516864628496425,0.7189767119247636,55.40303491452349,112.64344760510986,156.67190012810494,8.408935562014348,10.271524427368846,7.840827071153766,1.3351689068374282,0.7321063230059333,0.10128062847303337,0.05064031423651669,0.20399306710305337,0.10199653355152669,1.1687265798398003,0.7012359479038802
365,0.45,0.675,1.1,0.05360892672851545,2.870753208990209,3,9.571115901480818,7.742809620234176,0.8329805948389644,11.490202725948436,0.6938566713782749,59.95110081519091,91.60625959957896,132.02475868339286,8.245538983915681,9.457317377662582,7.811635591310955,1.3374283131717688,0.7067338153876446,0.1109266376874025,0.05546331884370125,0.20384253129422802,0.10192126564711401,1.1895208647277313,0.7137125188366388
366,0.475,0.675,1.1,0.0552808779088693,2.831435000000056,3,8.02005017728942,7.926324680095762,0.7963891626566585,10.070516467772485,0.6342356983969737,62.82662293429519,64.32120484624005,101.41530192767681,7.8489336428736065,7.985830947291106,7.880770306391872,1.3791399269515083,0.6471171845062637,0.13488918359255322,0.06744459179627661,0.21131596830216964,0.10565798415108482,1.243107061733708,0.7458642370402249
367,0.5,0.675,1.1,0.057292599519479064,2.769128833024297,3,8.140474448244175,6.162237611014232,0.7493597749154761,10.863239155267413,0.561540072261373,37.97317237459839,66.26732424251631,118.00996494453506,7.253504708037137,6.175410590369825,8.038865712711416,1.429328087850053,0.5746965293213632,0.1750762172164592,0.0875381086082296,0.22702668007750454,0.11351334003875227,1.3191090891941575,0.7914654535164944
368,0.525,0.675,1.1,0.0583314461847237,2.692959250009153,3,8.318780891295432,4.459094779090436,0.6992127461504564,11.897353040394089,0.48889846437926254,19.883526248911586,69.20211551738203,141.54700936777448,6.511322545048126,4.485982696484546,8.205654220760012,1.4552450951085318,0.501693105903784,0.23162358194544402,0.11581179097272201,0.2515111991446017,0.12575559957230084,1.411825212925531,0.8470951277553186
369,0.55,0.675,1.1,0.05741688718760114,2.8368189579923637,3,8.64121352975593,3.172089363555126,0.6139560914770759,14.07464418011818,0.37694208226180753,10.062150930379566,74.67057126683694,198.09560879693453,5.646203276277417,3.874155722540804,8.249165379002516,1.4324287999229943,0.38598484951476086,0.30491207661947317,0.15245603830973659,0.28627837270307893,0.14313918635153947,1.6095885384033808,0.9657531230420284
370,0.575,0.675,1.1,0.05404868680516246,2.8339511250378564,3,9.185242927418045,2.435821382265018,0.45196332547460827,20.32298288311909,0.2042708475740667,5.933225806299464,84.36868763568322,413.0236332675515,4.627455897574624,4.921623397392452,8.029048917068705,1.3483993885765937,0.2082997433617398,0.4037698662575516,0.2018849331287758,0.33474189184565184,0.16737094592282592,2.1910668720386113,1.3146401232231668
371,0.6000000000000001,0.675,1.1,0.048266323004617945,2.802999916020781,3,9.76910728501539,2.019575304373627,0.28117330396800644,34.74407828606295,0.07905842686428495,4.0786844100358275,95.43545714614078,1207.1509759480712,3.426656546189524,6.522809140594254,7.456286176057808,1.2041417520999018,0.08035855103208442,0.5484120236314233,0.27420601181571164,0.3994324092195942,0.1997162046097971,3.527637505808048,2.1165825034848287
372,0.625,0.675,1.1,0.04063098431612801,2.8214029999799095,3,9.997472578388237,1.6913170389089385,0.1697714082177703,58.88784621238586,0.0288223310482448,2.8605533261036995,99.94945795562474,3467.7784315336075,2.1090749058855254,7.683747017789632,6.539982124612037,1.0136563466681532,0.02919331061049623,0.7562883923620444,0.3781441961810222,0.47803037182334995,0.23901518591167498,5.852727795053283,3.51163667703197
373,0.65,0.675,1.1,0.03208327184742512,2.8857531669782475,3,9.562340812063557,1.4399972802152965,0.11017957423504106,86.78868908736797,0.012139538578614923,2.073592167027451,91.43836180605632,7532.276553503824,0.8336600510883017,7.985675200325785,5.3955935983978005,0.8004091625492111,0.012272702069642979,1.020725901607638,0.510362950803819,0.5874648198642552,0.2937324099321276,9.02671860705453,5.4160311642327175
374,0.675,0.675,1.1,0.023688500155846177,2.7714498750283383,3,8.427294983799403,1.3367807881068685,0.07348606724652815,114.67881327119939,0.005400202079361257,1.7869828754516206,71.01930074397058,13151.230213290617,-0.3778385691607342,7.397010931653712,4.212678324311466,0.5909775244231956,0.005458571574675605,1.3747018508613986,0.6873509254306993,0.8148758221163236,0.4074379110581618,13.535069662659376,8.121041797595625
375,0.7,0.675,1.1,0.01636014541863481,2.7840863749734126,3,6.807468890637899,1.4010621234225864,0.044883821101969174,151.6686575140822,0.002014557396713573,1.9629750736894067,46.34163269700278,23003.381672123967,-1.696853793424462,6.156132942314597,3.200322252487093,0.4081507134305488,0.0020347352188389923,1.9608226095576247,0.9804113047788123,1.268343765146601,0.6341718825733005,22.168997216927057,13.301398330156234
376,0.7250000000000001,0.675,1.1,0.010673365695763057,2.8852550419978797,3,5.039336947240256,1.5625624368666577,0.025014668742461662,201.45527406829618,0.0006257336522950886,2.441601369106668,25.39491686782074,40584.227449932325,-3.2493825994391,4.627559296682445,2.5203045679121727,0.26627769570243565,0.0006307692790005468,2.9815322365457395,1.4907661182728698,2.07791494244549,1.038957471222745,39.81665144678398,23.889990868070388
377,0.75,0.675,1.1,0.0068209963858758245,2.9147582079749554,3,3.4400889078707837,1.7190431994613897,0.013492209863123987,254.96852945291093,0.0001820397269905802,2.9551095216144514,11.834211694055602,65008.951011379904,-5.056755268490572,3.152209236967877,2.196388533507352,0.17016930289820886,0.00018315253127163566,4.6834989388432,2.3417494694216,3.444437604538487,1.7222188022692435,73.89133913822353,44.33480348293411
378,0.25,0.7,1.1,0.05179880957938015,2.7065820840070955,3,7.812335536374673,3.470904094592043,0.5211675969165306,14.990063815548158,0.2716156640757513,12.04717523385581,61.03258653290254,224.7020131942062,5.296870927389659,5.637466065267704,6.316675761696378,1.2922697533358078,0.2813352340613945,0.23712582616908734,0.11856291308454367,0.41274384133382963,0.20637192066691482,1.8853324256232191,1.1311994553739315
379,0.275,0.7,1.1,0.054896854807986714,2.715039084025193,3,7.952786488834979,3.6527955194969772,0.481917890543981,16.502368235090845,0.23224485322636043,13.342915107257191,63.2468129369962,272.3281573665353,5.278067216364205,4.583168030536613,7.344443534605174,1.369559370141757,0.2395238679695198,0.2571216207266999,0.12856081036334996,0.39433093349854137,0.19716546674927068,2.0432692626009867,1.225961557560592
380,0.3,0.7,1.1,0.0563962603621466,2.705361542000901,3,8.353086828922201,4.288642067350026,0.46644679951447915,17.90790897829477,0.2175726167773007,18.392450781844307,69.77405957151356,320.6932039748904,5.63197998421168,4.352667266679073,8.213331623479316,1.4069663387836742,0.2232999756844814,0.23269922702091855,0.11634961351045928,0.36392166061741704,0.18196083030870852,2.116194893670466,1.2697169362022798
381,0.325,0.7,1.1,0.055998254732616645,2.8726787919877097,3,9.00615075772427,5.043398734479311,0.46963219289455876,19.177030224898402,0.22055439660295206,25.435870794947515,81.11075147085745,367.75848824666684,6.120365018746259,5.2831708698800535,8.769468056202186,1.3970369477247775,0.225521108543219,0.1952300679893094,0.0976150339946547,0.3367235289782673,0.16836176448913365,2.105748020873048,1.2634488125238288
382,0.35,0.7,1.1,0.05389404353151799,2.7506748749874532,3,9.772699285140714,5.673290259260917,0.4831500689983083,20.22704727208666,0.2334339891730701,32.186222365824804,95.50565131778983,409.1334413472284,6.57586796253049,6.81530337484343,8.925758012005161,1.3445413689288386,0.23822705894975083,0.16340474954986922,0.08170237477493461,0.31785059723749276,0.15892529861874638,2.0488230686962114,1.2292938412177268
383,0.375,0.7,1.1,0.05082714186225837,2.8136776669998653,3,10.28656413738624,6.19380873033828,0.4994822737109763,20.594452854073705,0.24948254175148665,38.3632665880147,105.81340175256071,424.13148835866457,6.920411245342703,8.182891032641257,8.709681303120826,1.2680287174640261,0.2543809605327751,0.14072705414800848,0.07036352707400424,0.3047913780856599,0.15239568904282996,1.9827031591030306,1.1896218954618183
384,0.4,0.7,1.1,0.04796364093798427,2.7631669170223176,3,10.214229390708686,6.677728858015009,0.5119712602926998,19.950786661089325,0.2621145713656954,44.59206270116644,104.33048204601714,398.03388839629974,7.10614587419491,8.900064231009264,8.27899071290885,1.1965904805018859,0.26714549511733554,0.12758523208016154,0.06379261604008077,0.29593827629891045,0.14796913814945523,1.93475542227017,1.1608532533621019
385,0.42500000000000004,0.7,1.1,0.04642113879875139,2.807068291993346,3,9.444639321273767,7.153049154376147,0.5143443174964456,18.362484040351113,0.26455007694088445,51.166112204921305,89.20121190895061,337.18082013214934,7.096247349036202,8.784399089429597,7.8819408708715075,1.1581083440363424,0.269558134184901,0.12519498195335707,0.06259749097667854,0.2920766919127063,0.14603834595635315,1.9260775942116792,1.1556465565270075
386,0.45,0.7,1.1,0.04660422499063847,2.787098667002283,3,8.130466206786362,7.589295229613831,0.5026468557159643,16.175305016491986,0.2526538615611455,57.59740208223925,66.10448073969502,261.6404923765508,6.868979132664044,7.908803228169104,7.749422740312236,1.1626759537932136,0.25739581592262234,0.13606836267342073,0.06803418133671037,0.2947745854424554,0.1473872927212277,1.9710573399518383,1.182634403971103
387,0.475,0.7,1.1,0.04795013219072692,2.7679998750099912,3,8.0938863489286,6.434489037884129,0.4771590272724028,16.962660007075428,0.22768073730754562,41.402649178651025,65.51099622937274,287.73183451563614,6.42575197222591,6.506140497470141,7.961183305098824,1.19625346608731,0.23194125598485116,0.16372711521197836,0.08186355760598918,0.30543355455710497,0.15271677727855248,2.0763998924405067,1.245839935464304
388,0.5,0.7,1.1,0.04936199801785923,2.800249417021405,3,8.51365268896205,4.835940274112251,0.4406319206021834,19.32146149858364,0.19415648945356886,23.386318334780874,72.48228210827075,373.31887444125,5.7964025136848045,4.891504256305474,8.403535485722257,1.231476505361514,0.19777182699631132,0.21182079551274324,0.10591039775637162,0.3253323106972699,0.16266615534863496,2.2486288958635163,1.3491773375181098
389,0.525,0.7,1.1,0.049782451605465364,2.86298345902469,3,8.94081904962117,3.5365949807615698,0.3915462036875026,22.834646244602432,0.15330842962209526,12.507504057947928,79.9382452780688,521.421069116136,5.0322796845105895,3.5609454668643723,8.853035964494223,1.2419659250674298,0.15603541835375567,0.28265512183869324,0.14132756091934662,0.3557596440286895,0.17787982201434474,2.5315610502858283,1.518936630171497
390,0.55,0.7,1.1,0.048484984379746215,2.795721583010163,3,9.39249374365262,2.6527577951999843,0.32548176492284203,28.857204168962227,0.10593837929728821,7.037123919994282,88.21893872455361,832.7382324491709,4.186123536045885,3.382567139702262,9.080590065673091,1.2095968867563858,0.10759380059743753,0.37712364952608585,0.18856182476304292,0.39553834801903487,0.19776917400951743,3.048641629661879,1.8291849777971274
391,0.575,0.7,1.1,0.04516226968039998,2.773121290956624,3,9.805407817355443,2.0852817099031835,0.25720710746754244,38.122616104583386,0.06615549613181992,4.348399809656745,96.14602246465523,1453.3338586574405,3.3199287147516943,4.4454222432320165,8.91792245415859,1.1267022461305376,0.06700596332272919,0.4943765984352856,0.2471882992176428,0.4333814865685538,0.2166907432842769,3.8631651301041,2.3178990780624598
392,0.6000000000000001,0.7,1.1,0.03994637007800407,2.7444051670026965,3,9.994654980689955,1.6730892252487046,0.21095415231012288,47.37832780838962,0.04450165437688252,2.7992275556433106,99.89312818303051,2244.705945919225,2.521215488976205,5.732032442507763,8.299849178570273,0.9965766824863956,0.04497336251873262,0.6289389774711368,0.3144694887355684,0.4553880229701062,0.2276940114850531,4.71544105309222,2.829264631855332
393,0.625,0.7,1.1,0.033371215538528246,2.854415500012692,3,9.744566420292754,1.3836358292064819,0.18146088784004233,53.70064335231614,0.03292805381569642,1.9144481078639086,94.95657471949714,2883.7590964526557,1.7894187806613044,6.566846707706398,7.286106733574167,0.8325406089960955,0.03331094948323762,0.7962247152760155,0.39811235763800773,0.497978933121823,0.2489894665609115,5.479065522711754,3.2874393136270523
394,0.65,0.7,1.1,0.026248477173837263,2.7094785410445184,3,8.946988313853412,1.3053270090060989,0.1400434327713459,63.8872393856661,0.01961216306238248,1.7038786004408082,80.04859988822952,4081.5793563214056,0.9839357900117025,6.6864227818841915,6.052687092545735,0.6548434876846674,0.019978931889282597,1.058338469637381,0.5291692348186905,0.6444756773193829,0.32223783865969147,7.074795107878573,4.244877064727143
395,0.675,0.7,1.1,0.019473363198660585,2.8599687080131844,3,7.672267805240462,1.4805322237052205,0.0873790081867672,87.80447345936298,0.0076350910717031305,2.191975665429525,58.86369327532929,7709.625559475978,-0.014972657095339237,6.106044425706547,4.852165036886573,0.4858188530141284,0.007794996139983688,1.4973886245641734,0.7486943122820867,0.9580214654018442,0.4790107327009221,11.326403984561741,6.795842390737045
396,0.7,0.7,1.1,0.013829477222988258,2.801174166961573,3,6.14629408499528,1.804756946894262,0.04883114762182421,125.86831119750919,0.002384480978064388,3.2571476373630976,37.77693097924797,15842.831763713017,-1.2262233183015105,5.034768943798273,3.945697502268827,0.34501594273757946,0.002423004824612611,2.187172452815306,1.093586226407653,1.4891435919965286,0.7445717959982643,20.315282249400248,12.189169349640148
397,0.7250000000000001,0.7,1.1,0.009845504735057903,2.8173987500485964,3,4.682797604920659,2.1045380302547723,0.027840042028057364,168.20368303328377,0.0007750679401240004,4.4290803207886364,21.928593408650663,28292.478985961392,-2.58657648748292,3.763513932496924,3.483400689707696,0.2456243315001691,0.0007838680831239578,3.1184339370371617,1.5592169685185808,2.243071212538665,1.1215356062693325,35.71729075997079,21.43037445598247
398,0.75,0.7,1.1,0.007631199321160404,2.9113118749810383,3,3.6951486921043855,2.0799650914309105,0.01734293866331161,213.0635853496585,0.00030077752147938865,4.326254781571196,13.65412385676075,45396.091402051214,-4.030395886540241,2.5530059555871203,3.3803246365522437,0.1903821370508481,0.00030319884025917395,4.139107879666988,2.069553939833494,3.1181820325406284,1.5590910162703142,57.4296582768293,34.45779496609758
399,0.25,0.7250000000000001,1.1,0.04468673661314579,2.8919935830053873,3,8.03305956743226,3.6009913244980627,0.2847104430007537,28.21483990108151,0.08106003635368543,12.967138519110312,64.53004601391495,796.0771906436613,4.216984086649331,4.690531619522138,7.371179847500626,1.1148387109544684,0.08302893536081624,0.27015234880952166,0.13507617440476083,0.5587250441089265,0.27936252205446327,3.470445793883771,2.0822674763302627
400,0.275,0.7250000000000001,1.1,0.04661795641478914,2.8416087080258876,3,8.58372644720377,3.4739228676914156,0.28217698792749857,30.41965438162958,0.07962385251583567,12.068140090669349,73.68035972042544,925.3553726977957,4.259863627507136,3.8065047532051977,8.365765544251394,1.1630185235210544,0.08114115084047588,0.2878816326348825,0.14394081631744124,0.4984044392830703,0.24920221964153516,3.5105843986326724,2.1063506391796034
401,0.3,0.7250000000000001,1.1,0.04723547034711484,2.870587416982744,3,9.172392784503964,3.8534082853573453,0.28791377431235193,31.858124212400543,0.08289434143878392,14.848755413660635,84.13278939322039,1014.9400783327418,4.640123951126219,3.854872641104853,9.100313869600303,1.1784241782742793,0.08420119262528214,0.25954762891028016,0.12977381445514008,0.44620620351330337,0.22310310175665168,3.44620317771611,2.0677219066296657
402,0.325,0.7250000000000001,1.1,0.046388908432144715,2.746531833021436,3,9.689333250285689,4.407664666305125,0.29459050092348205,32.89085432120715,0.08678356323434808,19.427507810594673,93.88317883509183,1081.808297978871,5.064403182262758,4.7766254761106195,9.446796605606737,1.1573042651734695,0.08804697834255153,0.225594606274188,0.112797303137094,0.4202120682134031,0.21010603410670156,3.3700998771895256,2.022059926313715
403,0.35,0.7250000000000001,1.1,0.044344419602624426,2.6750983339734375,3,9.987392531098896,4.9698011751258315,0.299278260360496,33.37159377720443,0.08956747712440483,24.698923720282096,99.74800957025002,1113.6632712307496,5.396643766578665,5.981833596441382,9.355761376220077,1.1062986320927872,0.09087100318988336,0.20005195313762467,0.10002597656881233,0.41309609478393616,0.20654804739196808,3.317319783451843,1.9903918700711056
404,0.375,0.7250000000000001,1.1,0.041778062334217304,2.870156583026983,3,9.894992236865095,5.512854379971506,0.3022843993310772,32.73404866000907,0.09137585807895014,30.391563414771014,97.91087136762049,1071.5179416758417,5.605448669436131,6.935165136759903,8.900053995765676,1.042273495199753,0.09273865688092,0.18185785677076893,0.09092892838538447,0.4133578862698469,0.20667894313492344,3.2837463200974875,1.9702477920584924
405,0.4,0.7250000000000001,1.1,0.03961079271842764,2.9682429999811575,3,9.313712878675096,6.034240304677206,0.3038766156990571,30.649653173375114,0.09234099756871245,36.412056054590856,86.74524758639835,939.4012396481832,5.675608505807853,7.321204732402054,8.28692085696922,0.9882047435324645,0.09373882901874588,0.16996941879697905,0.08498470939848952,0.4142342455231471,0.20711712276157354,3.2661809238860666,1.95970855433164
406,0.42500000000000004,0.7250000000000001,1.1,0.03859367267368729,2.8523200000054203,3,8.34796289232839,6.456303342330029,0.30251447702383694,27.595250893300566,0.09151500880900557,41.68385284818191,69.68848445169178,761.4978718642056,5.582896630711862,7.040596537541763,7.808124713399209,0.9628297690880175,0.09289256770187442,0.1669034435139806,0.0834517217569903,0.41536536132824337,0.20768268066412168,3.281024823506581,1.9686148941039485
407,0.45,0.7250000000000001,1.1,0.03884213957927995,2.8683949999976903,3,7.763737468357017,6.17270884350189,0.29601428706999633,26.227576868683986,0.0876244581495582,38.10233446664644,60.27561947757062,687.8857884027273,5.304508136492288,6.180646966860758,7.7023480356714735,0.969028488120552,0.08891063775150373,0.1782130513172816,0.0891065256586408,0.4197217549310005,0.20986087746550025,3.353691709579134,2.0122150257474805
408,0.475,0.7250000000000001,1.1,0.0397789165308292,2.8081424590200186,3,8.079130182386525,4.910987442338487,0.28317952710045124,28.530064532245103,0.0801906445688352,24.117797658806317,65.27234450394891,813.96458221407,4.838170069923841,4.954304899565437,7.996270371096881,0.9923990738529145,0.0813188238024362,0.21146502233946804,0.10573251116973402,0.4302010902851541,0.21510054514257704,3.506747175152491,2.1040483050914944
409,0.5,0.7250000000000001,1.1,0.040535212747234955,2.922387750004418,3,8.56127136335661,3.6528878049226354,0.2639144447289335,32.43957098350525,0.0696508341365813,13.34358931535251,73.29536735702995,1052.3257655938758,4.221272871468431,3.6667096430493835,8.499481563768184,1.01126705041376,0.07056850926272458,0.27456294991798513,0.13728147495899257,0.44710640731685697,0.22355320365842848,3.76438928356404,2.2586335701384237
410,0.525,0.7250000000000001,1.1,0.04035591961194692,2.816001291037537,3,9.030192227123333,2.7221126262978483,0.24069571742184098,37.5170456867627,0.057934428385214724,7.40989715025017,81.54437165879867,1407.5287170626398,3.5555204159127554,2.818302121593708,8.947387444993538,1.006794069324139,0.05862168089846917,0.3690921550773277,0.18454607753866384,0.46189536953380467,0.23094768476690233,4.13019794671636,2.478118768029816
411,0.55,0.7250000000000001,1.1,0.03877830412233219,2.8570176670327783,3,9.408716670125486,2.1240039824786967,0.22463317010702136,41.8848056395363,0.05046006111232999,4.511392917585364,88.52394937869721,1754.336943461732,3.003305961923245,3.004007436160634,9.117335652634805,0.96743592970321,0.05097158159765153,0.47637224535773526,0.23818612267886763,0.4526644202797265,0.22633221013986324,4.429308657263296,2.6575851943579774
412,0.575,0.7250000000000001,1.1,0.035674352022951945,2.7336122500128113,3,9.593225566462044,1.7064682504149307,0.2280981493973369,42.05744584867748,0.05202876575848983,2.9120338896741944,92.029976769021,1768.8287513144387,2.635007600937357,3.924052614000032,8.877147761395786,0.8899989490775183,0.052455430781243664,0.5757521464633053,0.28787607323165265,0.4232161985302288,0.2116080992651144,4.366211518570968,2.619726911142581
413,0.6000000000000001,0.7250000000000001,1.1,0.031249237116291916,2.858377374999691,3,9.463456635772227,1.3640722263648826,0.24542713035882704,38.55913004375746,0.060234476316168684,1.8606930387400473,89.55701149714139,1486.8065097313995,2.306314047936649,4.846781071880718,8.208463517881485,0.7796017759504266,0.060669040728145676,0.6938728427398773,0.34693642136993863,0.4313434213262515,0.21567171066312574,4.059910277488956,2.4359461664933733
414,0.625,0.7250000000000001,1.1,0.026004385928694754,2.8117476250045,3,8.941511876100543,1.1565862559025908,0.24327420073799852,36.7548710425335,0.059182336744712,1.3376917673427733,79.95063463044706,1350.9205453532677,1.845222796642307,5.369789612145851,7.217477855281922,0.6487539320421124,0.060217884647755224,0.8793496394368466,0.4396748197184233,0.5266683144182178,0.2633341572091089,4.075090446100105,2.445054267660063
415,0.65,0.7250000000000001,1.1,0.02065283358108015,2.9134001249913126,3,8.050805088943779,1.247345720784895,0.1799749117199232,44.73292978452705,0.032390968848594145,1.5558713471603893,64.81546258016304,2001.0350071074274,1.1837043012418014,5.350645042599381,6.124446588804572,0.515244121906079,0.03374893540520402,1.1699597841857425,0.5849798920928713,0.7291007433744999,0.36455037168724996,5.443396392217006,3.2660378353302035
416,0.675,0.7250000000000001,1.1,0.015996914842083664,2.8555191250052303,3,6.940246649733466,1.6024034330312857,0.10725363454544776,64.70873158888243,0.011503342123208464,2.56769676219045,48.1670235591366,4187.219943842031,0.3525662575602011,4.83170012681258,5.219351071665641,0.39908888572880524,0.01193275607624053,1.56867886856659,0.784339434283295,1.0381633264132741,0.5190816632066371,9.15439438318361,5.492636629910165
417,0.7,0.7250000000000001,1.1,0.012753056469778604,2.8183040419826284,3,5.876138242377927,1.9824885613355068,0.06498957770429048,90.41662447962015,0.0042236452101820105,3.9302608958261276,34.52900064353635,8175.165982288647,-0.5565513512275828,3.9778260985545617,4.747542306005627,0.318161542172561,0.004326681054273092,1.991586094491405,0.9957930472457025,1.3983039738888283,0.6991519869444142,15.20276418391257,9.121658510347542
418,0.7250000000000001,0.7250000000000001,1.1,0.011204369575559817,2.780608500004746,3,5.20804896145027,2.0690126677728173,0.04361275689781974,119.41572447832638,0.001902072564228323,4.2808134194043905,27.123773984863238,14260.11525268356,-1.5102575091237158,2.9918616364971786,4.73044597666819,0.2795251092692231,0.0019319188184552605,2.3273142599565855,1.1636571299782927,1.7251900110001197,0.8625950055000599,22.751265762330675,13.650759457398404
419,0.75,0.7250000000000001,1.1,0.010874744976665879,2.8175617500091903,3,5.076410607610388,1.715714024240129,0.031222240108124202,162.58957044819718,0.0009748282773693596,2.9436746129742577,25.769944657059266,26435.368418529273,-2.6043816818898886,2.0411347661819477,4.947197020896914,0.27130167899032226,0.0009849496205325795,2.602524281184571,1.3012621405922855,2.036351738047381,1.0181758690236904,31.863464259282697,19.118078555569618
420,0.25,0.75,1.1,0.03662951944920081,2.7274581659585238,3,7.893886175140916,3.3917388028506856,0.1743809229724742,45.26806052280705,0.030408706296731983,11.503892106763002,62.313438946080886,2049.1973034965217,3.0818362178948653,3.7883902984547464,7.659031040187444,0.9138283379058756,0.03086391670893983,0.3095243168688149,0.15476215843440744,0.7015651608774139,0.35078258043870697,5.692125683635734,3.41527541018144
421,0.275,0.75,1.1,0.03757682153807555,2.876328041020315,3,8.515532813856717,3.077770528029046,0.18384698289684268,46.31858885949094,0.03379971312027196,9.472671423204192,72.5142991038705,2145.411673934558,3.1448917680178856,3.136914532217856,8.44403359701319,0.9374615033524408,0.034209165412312045,0.32940313978681557,0.16470156989340778,0.6041263459884609,0.30206317299423047,5.406656275786001,3.2439937654716005
422,0.3,0.75,1.1,0.03753532349984229,2.777207000006456,3,9.015929291771831,3.3019412784999584,0.1923478140243692,46.87305305497037,0.036997681559953324,10.90281620666194,81.28698099422932,2197.0831026940673,3.4901069629630324,3.3595404968347324,8.947814731811722,0.9364262158609516,0.03738779761894689,0.30263573363176405,0.15131786681588202,0.5426410546293006,0.2713205273146503,5.17172064934002,3.1030323896040115
423,0.325,0.75,1.1,0.03647520650434871,2.864283124974463,3,9.299180009923036,3.7267369225061566,0.19528594733779056,47.618275337743746,0.038136601227618305,13.88856808957066,86.4747488569522,2267.5001461411744,3.824337716892389,4.140955097679093,9.07887016365194,0.9099785592565236,0.038530254114689896,0.2744194703483036,0.1372097351741518,0.525507140778587,0.2627535703892935,5.094470636046384,3.05668238162783
424,0.35,0.75,1.1,0.03469332697089422,2.7750984159647487,3,9.270681135029998,4.1945237173390675,0.19344964503858594,47.92296792884187,0.0374227651655549,17.59402921531995,85.94552870740108,2296.6108551088064,4.035797238337763,4.989048872739114,8.828207033660549,0.8655244676689047,0.03782453844239905,0.25660295267436006,0.12830147633718003,0.5352254825304372,0.2676127412652186,5.1417763385158715,3.0850658031095226
425,0.375,0.75,1.1,0.03275240898680624,2.8301343750208616,3,8.876190626551756,4.653700633367031,0.18986665638073363,46.749602040458385,0.03604934720519958,21.65692958500071,78.78676003888525,2185.5252909412307,4.1192039159280345,5.562932426439713,8.298545954416534,0.8171027061475582,0.03645361122795464,0.24476712289064545,0.12238356144532272,0.5537012186171666,0.2768506093085833,5.237568563171098,3.1425411379026587
426,0.4,0.75,1.1,0.03130054124450727,2.729574916011188,3,8.172747137899833,5.039233327179841,0.18728995182487682,43.63686924081043,0.03507752605456468,25.39387252576001,66.79379578004992,1904.176357139587,4.08592346753842,5.6802945379073515,7.703714919318139,0.7808817044594473,0.03547891933881669,0.23528788215236546,0.11764394107618273,0.5670283252450277,0.28351416262251383,5.309025465001466,3.1854152790008796
427,0.42500000000000004,0.75,1.1,0.030745502629051794,2.896469208993949,3,7.468864507285308,5.127500061841662,0.1861751037195603,40.11741826950087,0.03466116924498904,26.291256884186247,55.78393702818621,1609.407248610082,3.928587146562222,5.305990329936172,7.305339109635762,0.7670346755313533,0.03505414263857086,0.23160350708083183,0.11580175354041591,0.5707466999588899,0.28537334997944497,5.341095277652237,3.204657166591342
428,0.45,0.75,1.1,0.030994781490742897,2.8404218750074506,3,7.311671611519565,4.534768597314791,0.1853214436609385,39.453996618421,0.0343440374805744,20.564126231192358,53.46054175470112,1556.617849166376,3.6311651003895085,4.534611682093105,7.273127780192231,0.7732536511357196,0.034719406582916716,0.24456264583107026,0.12228132291553513,0.5677349577637285,0.28386747888186425,5.366780747641902,3.220068448585141
429,0.475,0.75,1.1,0.031533970765260225,2.90070833300706,3,7.6099473845760865,3.548487516800223,0.18419723193807375,41.31412456368788,0.03392862025364853,12.59176365688701,57.91129919601642,1706.8568884639185,3.2084590724129707,3.5588089366767375,7.5665689211878,0.7867052728320447,0.034276629099481454,0.2893993993989635,0.14469969969948174,0.5587281370871433,0.27936406854357165,5.401332931106508,3.240799758663905
430,0.5,0.75,1.1,0.0317443174580305,2.8551000830484554,3,8.020109231666675,2.6672380301886833,0.1855305733449109,43.2279655426757,0.03442159364569137,7.114158709684808,64.32215208786502,1868.6570049587574,2.7569198768725576,2.671672131684446,7.981585738378935,0.7919529739083546,0.03474235679167596,0.37508004852649945,0.18754002426324973,0.5325864689567203,0.2662932344783602,5.3650078528613925,3.219004711716835
431,0.525,0.75,1.1,0.031152530259389744,2.8061844169860706,3,8.388558499470802,2.065925504486485,0.1968078540911693,42.62308807851177,0.03873333143197098,4.268048190087738,70.36791369904384,1816.7276373485722,2.4538392400264457,2.3119377192021764,8.290091449075527,0.7771891462562376,0.0390486966157857,0.48092157239373645,0.24046078619686823,0.4751130608694097,0.23755653043470484,5.060538447994337,3.036323068796602
432,0.55,0.75,1.1,0.029525748724953407,2.6999216669937596,3,8.61713049416392,1.6847734553925229,0.22362094463620472,38.53454115482163,0.05000632687998854,2.8384615959952613,74.25493795344973,1484.9108620126422,2.355160749789904,2.696696373563814,8.326382676494005,0.7366044187440026,0.050357472816336075,0.575622166416008,0.287811083208004,0.4169813094791673,0.20849065473958364,4.45623449910508,2.673740699463048
433,0.575,0.75,1.1,0.026889395266732768,2.8622931669815443,3,8.62489935852574,1.3805463871265147,0.2644169283220183,32.61855968624659,0.06991631198325136,1.9059083270080726,74.38888894469771,1063.9704360052312,2.293809000301922,3.4111900156162287,8.017386064789385,0.6708330262964621,0.07035463544400888,0.6756892865494879,0.33784464327474395,0.4131349135313164,0.2065674567656582,3.7701066991069894,2.2620640194641934
434,0.6000000000000001,0.75,1.1,0.023525856796270072,2.8586308330413885,3,8.367571370002748,1.0876951731985207,0.3157250069847613,26.50271972408766,0.09968228003552758,1.18308078979936,70.01625063208967,702.3941527735452,2.1110818913109104,4.02847502928594,7.397697455843807,0.5869199197047117,0.10005703054148274,0.8155738340963744,0.4077869170481872,0.4816073098652384,0.2408036549326192,3.1613763136457727,1.8968257881874635
435,0.625,0.75,1.1,0.019961136026401902,2.835595457989257,3,7.869439031686851,0.9158871034547695,0.3348186583489705,23.50358570365213,0.11210353397860465,0.8388491862747677,61.92807067343649,552.4185409289208,1.7619167941383664,4.339984245672484,6.617822024483401,0.4979877440930481,0.11458920964676383,1.0101640599074198,0.5050820299537099,0.6175159470012108,0.3087579735006054,2.9541200346486782,1.7724720207892068
436,0.65,0.75,1.1,0.016914745057834336,2.7797631669673137,3,7.244511759743146,1.0856079655067286,0.2431358146650537,29.796152285187834,0.059115024372839345,1.1785446547716583,52.48295063705673,887.8106910021041,1.296498533582601,4.288211555107194,5.929062246528089,0.42198679083789126,0.0639678050816107,1.2310878686572735,0.6155439343286367,0.7970507506153488,0.3985253753076744,3.9538416816394975,2.3723050089836986
437,0.675,0.75,1.1,0.015113270868084476,2.9165252500097267,3,6.692585988142418,1.4412011439183525,0.15475097034012078,43.247457340222546,0.02394786282120894,2.0770607372315677,44.790707208680224,1870.342566394369,0.8010782826331235,3.922195885122678,5.600529723099766,0.3770438543933521,0.025391361071777287,1.3970155489095708,0.6985077744547854,0.9623041048461448,0.4811520524230724,6.2756253601932706,3.765375216115962
438,0.7,0.75,1.1,0.014843621338495622,2.794479207950644,3,6.4411596120390096,1.671371475685424,0.10620886629893747,60.64615729829561,0.011280323280505575,2.7934826097348724,41.48853714776252,3677.956395049614,0.26801086670940677,3.3437307672670165,5.742441135762236,0.3703166740986987,0.011665952801981221,1.4674745617452012,0.7337372808726006,1.0765725199559952,0.5382862599779976,9.258484257985176,5.555090554791105
439,0.7250000000000001,0.75,1.1,0.01565231532494661,2.926493125036359,3,6.5659953377937,1.6082210657408582,0.07666760111408492,85.64237360215817,0.005877921060588436,2.586374996292662,43.1122947759286,7334.6161562116395,-0.42248664265665603,2.643665304058354,6.209919287573377,0.39049186319824086,0.005992281428759568,1.5024245907093516,0.7512122953546758,1.1829570786533468,0.5914785393266734,12.918256368218529,7.750953820931117
440,0.75,0.75,1.1,0.01673919997838031,2.801602040999569,3,6.877216178498363,1.3458551962922303,0.05436283512688539,126.50584102993562,0.002955317843032924,1.8113262093867977,47.296102365799634,16003.727814691343,-1.3736618937825904,1.8798409993702037,6.738114412797886,0.41760731574246973,0.0029886452763357536,1.5716279590261286,0.7858139795130643,1.3698641147796493,0.6849320573898247,18.29206829787715,10.97524097872629
